,date,state,city,confirmed,deaths,estimated_population_2019,confirmed_per_100k_inhabitants
0,2020-04-26,AL,Anadia,1,1,17545.0,5.69963
1,2020-04-26,AL,Arapiraca,4,0,231747.0,1.72602
2,2020-04-26,AL,Atalaia,1,0,47185.0,2.11932
3,2020-04-26,AL,Barra de Santo Antônio,1,0,15932.0,6.276680000000001
4,2020-04-26,AL,Boca da Mata,1,0,27281.0,3.66555
5,2020-04-26,AL,Capela,1,0,17053.0,5.86407
6,2020-04-26,AL,Delmiro Gouveia,1,0,52016.0,1.9224900000000003
7,2020-04-26,AL,Ibateguara,1,1,15616.0,6.40369
8,2020-04-26,AL,Importados/Indefinidos,10,2,,
9,2020-04-26,AL,Limoeiro de Anadia,1,1,28635.0,3.49223
10,2020-04-26,AL,Maceió,472,20,1018948.0,46.32229
11,2020-04-26,AL,Maragogi,2,0,32704.0,6.11546
12,2020-04-26,AL,Marechal Deodoro,12,2,51901.0,23.12094
13,2020-04-26,AL,Maribondo,2,1,13264.0,15.07841
14,2020-04-26,AL,Matriz de Camaragibe,1,1,24642.0,4.05811
15,2020-04-26,AL,Murici,13,0,28236.0,46.04052
16,2020-04-26,AL,Olho d'Água das Flores,1,0,21688.0,4.6108400000000005
17,2020-04-26,AL,Palmeira dos Índios,6,0,73218.0,8.19471
18,2020-04-26,AL,Paripueira,1,1,13176.0,7.5895600000000005
19,2020-04-26,AL,Piaçabuçu,2,0,17827.0,11.21894
20,2020-04-26,AL,Pilar,3,0,35111.0,8.54433
21,2020-04-26,AL,Porto Calvo,1,0,27165.0,3.6812099999999996
22,2020-04-26,AL,Porto Real do Colégio,1,0,20066.0,4.98355
23,2020-04-26,AL,Rio Largo,10,0,75120.0,13.312029999999998
24,2020-04-26,AL,Santa Luzia do Norte,1,0,7296.0,13.70614
25,2020-04-26,AL,São Miguel dos Campos,1,0,61251.0,1.63263
26,2020-04-26,AL,São Miguel dos Milagres,1,1,7951.0,12.57703
27,2020-04-26,AL,São Sebastião,1,0,34152.0,2.92809
28,2020-04-26,AL,Satuba,5,0,13828.0,36.15852
29,2020-04-26,AL,União dos Palmares,1,0,65611.0,1.52413
30,2020-04-26,AL,Viçosa,1,1,25733.0,3.88606
32,2020-04-26,AM,Amaturá,19,0,11536.0,164.7018
33,2020-04-26,AM,Anamã,1,0,13614.0,7.3453800000000005
34,2020-04-26,AM,Anori,18,0,21010.0,85.67349
35,2020-04-26,AM,Autazes,26,2,39565.0,65.71465
36,2020-04-26,AM,Barcelos,2,1,27502.0,7.2722
37,2020-04-26,AM,Benjamin Constant,18,0,42984.0,41.87605
38,2020-04-26,AM,Beruri,7,1,19679.0,35.57091
39,2020-04-26,AM,Boca do Acre,4,0,34308.0,11.659089999999999
40,2020-04-26,AM,Caapiranga,1,0,13081.0,7.64468
41,2020-04-26,AM,Canutama,2,0,15629.0,12.79672
42,2020-04-26,AM,Carauari,65,2,28294.0,229.73067999999998
43,2020-04-26,AM,Careiro,26,3,37869.0,68.65774
44,2020-04-26,AM,Careiro da Várzea,4,0,30225.0,13.234079999999999
45,2020-04-26,AM,Coari,36,2,85097.0,42.30466
46,2020-04-26,AM,Codajás,2,0,28637.0,6.983969999999999
47,2020-04-26,AM,Fonte Boa,0,0,17609.0,
48,2020-04-26,AM,Humaitá,2,0,55080.0,3.6310800000000003
49,2020-04-26,AM,Iranduba,92,5,48296.0,190.49197
50,2020-04-26,AM,Itacoatiara,80,7,101337.0,78.94451
51,2020-04-26,AM,Itapiranga,3,0,9148.0,32.79405
52,2020-04-26,AM,Juruá,1,0,14712.0,6.7971699999999995
53,2020-04-26,AM,Jutaí,3,0,14317.0,20.95411
54,2020-04-26,AM,Lábrea,18,0,46069.0,39.07183
55,2020-04-26,AM,Manacapuru,256,17,97377.0,262.89576
56,2020-04-26,AM,Manaquiri,2,1,32105.0,6.22956
57,2020-04-26,AM,Manaus,2722,246,2182763.0,124.70433
58,2020-04-26,AM,Manicoré,3,1,55751.0,5.381069999999999
59,2020-04-26,AM,Maraã,8,0,18224.0,43.89816
60,2020-04-26,AM,Maués,56,6,63905.0,87.63008
61,2020-04-26,AM,Nhamundá,1,0,21173.0,4.723
62,2020-04-26,AM,Nova Olinda do Norte,3,0,37378.0,8.026110000000001
63,2020-04-26,AM,Novo Airão,2,1,19454.0,10.280660000000001
64,2020-04-26,AM,Novo Aripuanã,4,0,25644.0,15.598189999999999
65,2020-04-26,AM,Parintins,76,3,114273.0,66.5074
66,2020-04-26,AM,Presidente Figueiredo,30,1,36279.0,82.69247
67,2020-04-26,AM,Rio Preto da Eva,17,1,33347.0,50.9791
68,2020-04-26,AM,Santa Isabel do Rio Negro,4,0,25156.0,15.90078
69,2020-04-26,AM,Santo Antônio do Içá,61,0,21602.0,282.38126
70,2020-04-26,AM,São Gabriel da Cachoeira,1,0,45564.0,2.1947200000000002
71,2020-04-26,AM,São Paulo de Olivença,28,0,39299.0,71.24863
72,2020-04-26,AM,São Sebastião do Uatumã,1,0,14020.0,7.13267
73,2020-04-26,AM,Silves,6,0,9171.0,65.42362
74,2020-04-26,AM,Tabatinga,67,3,65844.0,101.75565999999999
75,2020-04-26,AM,Tapauá,8,0,17156.0,46.63092
76,2020-04-26,AM,Tefé,22,1,59849.0,36.75918
77,2020-04-26,AM,Tonantins,18,0,18755.0,95.97440999999999
78,2020-04-26,AM,Urucará,6,0,16256.0,36.90945
79,2020-04-26,AM,Urucurituba,1,0,23065.0,4.33557
81,2020-04-26,AP,Amapá,2,0,9109.0,21.956310000000002
82,2020-04-26,AP,Itaubal,1,0,5503.0,18.17191
83,2020-04-26,AP,Laranjal do Jari,21,0,50410.0,41.6584
84,2020-04-26,AP,Macapá,636,18,503327.0,126.35921
85,2020-04-26,AP,Mazagão,12,0,21632.0,55.473369999999996
86,2020-04-26,AP,Oiapoque,12,1,27270.0,44.0044
87,2020-04-26,AP,Pedra Branca do Amapari,1,0,16502.0,6.05987
88,2020-04-26,AP,Porto Grande,7,0,21971.0,31.86018
89,2020-04-26,AP,Santana,117,4,121364.0,96.40420999999999
90,2020-04-26,AP,Serra do Navio,2,0,5397.0,37.05762
91,2020-04-26,AP,Tartarugalzinho,7,0,17315.0,40.42738
92,2020-04-26,AP,Vitória do Jari,3,0,15931.0,18.831210000000002
94,2020-04-26,ES,Afonso Cláudio,3,1,30586.0,9.80841
95,2020-04-26,ES,Alegre,2,0,30084.0,6.64805
96,2020-04-26,ES,Alfredo Chaves,16,0,14601.0,109.58153999999999
97,2020-04-26,ES,Alto Rio Novo,0,0,7836.0,
98,2020-04-26,ES,Anchieta,7,0,29263.0,23.92099
99,2020-04-26,ES,Apiacá,3,0,7567.0,39.64583
100,2020-04-26,ES,Aracruz,14,1,101220.0,13.83126
101,2020-04-26,ES,Boa Esperança,1,0,15037.0,6.65026
102,2020-04-26,ES,Bom Jesus do Norte,8,0,9936.0,80.5153
103,2020-04-26,ES,Brejetuba,1,0,12404.0,8.061919999999999
104,2020-04-26,ES,Cachoeiro de Itapemirim,8,0,208972.0,3.8282599999999998
105,2020-04-26,ES,Cariacica,188,5,381285.0,49.30695
106,2020-04-26,ES,Castelo,4,0,37534.0,10.657
107,2020-04-26,ES,Colatina,19,0,122499.0,15.510329999999998
108,2020-04-26,ES,Domingos Martins,13,0,33850.0,38.40473
109,2020-04-26,ES,Fundão,15,0,21509.0,69.73825
110,2020-04-26,ES,Guaçuí,6,0,30867.0,19.43824
111,2020-04-26,ES,Guarapari,19,0,124859.0,15.21716
112,2020-04-26,ES,Ibiraçu,2,0,12479.0,16.02693
113,2020-04-26,ES,Iconha,1,0,13860.0,7.21501
114,2020-04-26,ES,Importados/Indefinidos,94,1,,
115,2020-04-26,ES,Irupi,1,0,13377.0,7.4755199999999995
116,2020-04-26,ES,Itapemirim,3,0,34348.0,8.73413
117,2020-04-26,ES,Jerônimo Monteiro,1,0,12192.0,8.2021
118,2020-04-26,ES,João Neiva,2,0,16668.0,11.999039999999999
119,2020-04-26,ES,Linhares,36,1,173555.0,20.7427
120,2020-04-26,ES,Marataízes,1,0,38499.0,2.59747
121,2020-04-26,ES,Marechal Floriano,1,0,16694.0,5.9901800000000005
122,2020-04-26,ES,Nova Venécia,4,0,50110.0,7.9824399999999995
123,2020-04-26,ES,Pedro Canário,3,0,26184.0,11.45738
124,2020-04-26,ES,Piúma,3,0,21711.0,13.817879999999999
125,2020-04-26,ES,Presidente Kennedy,3,1,11574.0,25.920170000000002
126,2020-04-26,ES,Rio Novo do Sul,3,0,11622.0,25.81311
127,2020-04-26,ES,Santa Leopoldina,1,0,12224.0,8.18063
128,2020-04-26,ES,Santa Maria de Jetibá,4,1,40431.0,9.8934
129,2020-04-26,ES,Santa Teresa,6,0,23590.0,25.43451
130,2020-04-26,ES,São Gabriel da Palha,3,0,37947.0,7.905760000000001
131,2020-04-26,ES,São José do Calçado,3,0,10556.0,28.419859999999996
132,2020-04-26,ES,São Mateus,12,1,130611.0,9.18759
133,2020-04-26,ES,São Roque do Canaã,2,0,12415.0,16.10954
134,2020-04-26,ES,Serra,417,22,517510.0,80.57815
135,2020-04-26,ES,Sooretama,2,0,30070.0,6.65115
136,2020-04-26,ES,Venda Nova do Imigrante,10,0,25277.0,39.561659999999996
137,2020-04-26,ES,Viana,22,2,78239.0,28.11897
138,2020-04-26,ES,Vila Valério,2,0,14080.0,14.20455
139,2020-04-26,ES,Vila Velha,468,10,493838.0,94.76791999999999
140,2020-04-26,ES,Vitória,382,11,362097.0,105.49659
142,2020-04-26,GO,Águas Lindas de Goiás,6,0,212440.0,2.82433
143,2020-04-26,GO,Aloândia,1,0,1995.0,50.12531
144,2020-04-26,GO,Anápolis,39,0,386923.0,10.07952
145,2020-04-26,GO,Anhanguera,1,0,1149.0,87.0322
146,2020-04-26,GO,Aparecida de Goiânia,22,2,578179.0,3.80505
147,2020-04-26,GO,Aragoiânia,1,0,10308.0,9.7012
148,2020-04-26,GO,Avelinópolis,1,0,2417.0,41.3736
149,2020-04-26,GO,Barro Alto,1,0,11167.0,8.95496
150,2020-04-26,GO,Bela Vista de Goiás,3,0,29975.0,10.008339999999999
151,2020-04-26,GO,Bom Jesus de Goiás,2,0,25216.0,7.93147
152,2020-04-26,GO,Caldas Novas,1,0,91162.0,1.09695
153,2020-04-26,GO,Campestre de Goiás,1,0,3630.0,27.548209999999997
154,2020-04-26,GO,Campinorte,1,0,12626.0,7.920160000000001
155,2020-04-26,GO,Carmo do Rio Verde,3,0,10082.0,29.756
156,2020-04-26,GO,Catalão,1,0,108823.0,0.9189200000000001
157,2020-04-26,GO,Ceres,4,0,22191.0,18.02533
158,2020-04-26,GO,Cidade Ocidental,5,0,71376.0,7.005160000000001
159,2020-04-26,GO,Faina,1,0,6627.0,15.08978
160,2020-04-26,GO,Formosa,4,0,121617.0,3.2890099999999998
161,2020-04-26,GO,Goiandira,2,1,5600.0,35.714290000000005
162,2020-04-26,GO,Goianésia,28,2,70084.0,39.952059999999996
163,2020-04-26,GO,Goiânia,333,11,1516113.0,21.96406
164,2020-04-26,GO,Goianira,1,0,44289.0,2.2579
165,2020-04-26,GO,Goiatuba,1,0,34095.0,2.93298
166,2020-04-26,GO,Guapó,1,0,14209.0,7.037789999999999
167,2020-04-26,GO,Hidrolândia,0,0,21706.0,
168,2020-04-26,GO,Importados/Indefinidos,1,1,,
169,2020-04-26,GO,Inhumas,3,0,52866.0,5.67472
170,2020-04-26,GO,Itaguaru,2,0,5237.0,38.1898
171,2020-04-26,GO,Itumbiara,10,0,104742.0,9.54727
172,2020-04-26,GO,Jaraguá,1,0,50511.0,1.97977
173,2020-04-26,GO,Jataí,6,0,100882.0,5.94754
174,2020-04-26,GO,Luziânia,11,2,208299.0,5.280869999999999
175,2020-04-26,GO,Mineiros,4,0,66801.0,5.98793
176,2020-04-26,GO,Montividiu,1,0,13396.0,7.464910000000001
177,2020-04-26,GO,Morrinhos,0,0,46136.0,
178,2020-04-26,GO,Nerópolis,2,0,29850.0,6.70017
179,2020-04-26,GO,Niquelândia,1,0,46388.0,2.15573
180,2020-04-26,GO,Nova Glória,1,0,8164.0,12.2489
181,2020-04-26,GO,Nova Veneza,1,0,9853.0,10.149189999999999
182,2020-04-26,GO,Novo Gama,1,0,115711.0,0.8642200000000001
183,2020-04-26,GO,Paranaiguara,1,0,10057.0,9.94332
184,2020-04-26,GO,Paraúna,3,1,10988.0,27.302509999999998
185,2020-04-26,GO,Pirenópolis,0,0,24908.0,
186,2020-04-26,GO,Pires do Rio,3,1,31458.0,9.53652
187,2020-04-26,GO,Planaltina,1,1,89918.0,1.11212
188,2020-04-26,GO,Professor Jamil,6,1,3223.0,186.16196000000002
189,2020-04-26,GO,Rialma,6,0,10918.0,54.955119999999994
190,2020-04-26,GO,Rio Verde,14,1,235647.0,5.94109
191,2020-04-26,GO,Santa Helena de Goiás,1,0,38648.0,2.5874599999999996
192,2020-04-26,GO,Santo Antônio do Descoberto,3,0,74744.0,4.0137
193,2020-04-26,GO,São Luís de Montes Belos,2,0,33817.0,5.9141900000000005
194,2020-04-26,GO,Senador Canedo,6,0,115371.0,5.20061
195,2020-04-26,GO,Silvânia,1,0,20695.0,4.83209
196,2020-04-26,GO,Trindade,7,0,127599.0,5.48594
197,2020-04-26,GO,Uruaçu,0,0,40532.0,
198,2020-04-26,GO,Valparaíso de Goiás,9,1,168468.0,5.34226
199,2020-04-26,GO,Vianópolis,1,0,13863.0,7.21345
201,2020-04-26,MA,Açailândia,12,0,112445.0,10.67188
202,2020-04-26,MA,Alcântara,1,0,22097.0,4.5255
203,2020-04-26,MA,Altamira do Maranhão,1,1,8128.0,12.30315
204,2020-04-26,MA,Alto Alegre do Pindaré,1,0,31919.0,3.13293
205,2020-04-26,MA,Anajatuba,5,1,26803.0,18.654629999999997
206,2020-04-26,MA,Arari,3,1,29848.0,10.05092
207,2020-04-26,MA,Bacabal,21,1,104949.0,20.00972
208,2020-04-26,MA,Bacabeira,7,0,17055.0,41.04368
209,2020-04-26,MA,Balsas,4,0,94887.0,4.21554
210,2020-04-26,MA,Barreirinhas,2,0,62528.0,3.19857
211,2020-04-26,MA,Brejo,1,0,36397.0,2.74748
212,2020-04-26,MA,Buriticupu,1,0,72358.0,1.38202
213,2020-04-26,MA,Cachoeira Grande,4,1,9431.0,42.41332
214,2020-04-26,MA,Cajapió,1,0,11177.0,8.94694
215,2020-04-26,MA,Cantanhede,1,0,21995.0,4.54649
216,2020-04-26,MA,Caxias,15,0,164880.0,9.09753
217,2020-04-26,MA,Centro Novo do Maranhão,1,0,21622.0,4.6249199999999995
218,2020-04-26,MA,Chapadinha,9,0,79675.0,11.29589
219,2020-04-26,MA,Codó,3,0,122859.0,2.44182
220,2020-04-26,MA,Colinas,4,0,41178.0,9.71392
221,2020-04-26,MA,Cururupu,1,1,32695.0,3.05857
222,2020-04-26,MA,Davinópolis,2,1,12908.0,15.494270000000002
223,2020-04-26,MA,Dom Pedro,0,0,23350.0,
224,2020-04-26,MA,Estreito,1,0,41946.0,2.38402
225,2020-04-26,MA,Governador Edison Lobão,1,0,18296.0,5.46568
226,2020-04-26,MA,Governador Nunes Freire,1,0,25577.0,3.90976
227,2020-04-26,MA,Icatu,0,0,27113.0,
228,2020-04-26,MA,Imperatriz,92,3,258682.0,35.5649
229,2020-04-26,MA,Itapecuru Mirim,0,0,68203.0,
230,2020-04-26,MA,Junco do Maranhão,1,0,3432.0,29.137529999999998
231,2020-04-26,MA,Lago da Pedra,2,1,50266.0,3.9788300000000003
232,2020-04-26,MA,Mata Roma,1,0,16829.0,5.94212
233,2020-04-26,MA,Matinha,4,0,23370.0,17.11596
234,2020-04-26,MA,Milagres do Maranhão,2,0,8464.0,23.62949
235,2020-04-26,MA,Miranda do Norte,4,0,28381.0,14.09394
236,2020-04-26,MA,Mirinzal,1,1,14962.0,6.6836
237,2020-04-26,MA,Monção,1,0,33434.0,2.99097
238,2020-04-26,MA,Morros,3,0,19433.0,15.437660000000001
239,2020-04-26,MA,Olho d'Água das Cunhãs,1,0,19505.0,5.12689
240,2020-04-26,MA,Paço do Lumiar,74,6,122197.0,60.55795
241,2020-04-26,MA,Pedreiras,2,0,39229.0,5.098269999999999
242,2020-04-26,MA,Presidente Dutra,1,0,47804.0,2.0918799999999997
243,2020-04-26,MA,Presidente Juscelino,4,0,12734.0,31.41197
244,2020-04-26,MA,Raposa,11,2,30761.0,35.759570000000004
245,2020-04-26,MA,Rosário,10,0,42740.0,23.397289999999998
246,2020-04-26,MA,Santa Inês,3,0,89044.0,3.3691199999999997
247,2020-04-26,MA,Santa Rita,14,0,37855.0,36.98323
248,2020-04-26,MA,São Benedito do Rio Preto,1,0,18663.0,5.3582
249,2020-04-26,MA,São Francisco do Brejão,1,0,11798.0,8.47601
250,2020-04-26,MA,São João Batista,1,0,20665.0,4.8391
251,2020-04-26,MA,São João dos Patos,1,0,25929.0,3.85669
252,2020-04-26,MA,São José de Ribamar,137,6,177687.0,77.10186999999999
253,2020-04-26,MA,São Luís,1894,98,1101884.0,171.88742
254,2020-04-26,MA,Timon,16,0,169107.0,9.46147
255,2020-04-26,MA,Trizidela do Vale,2,0,21998.0,9.09174
256,2020-04-26,MA,Tuntum,2,0,41832.0,4.78103
257,2020-04-26,MA,Urbano Santos,3,0,33122.0,9.05742
258,2020-04-26,MA,Vargem Grande,3,0,56510.0,5.30879
259,2020-04-26,MA,Viana,2,0,52441.0,3.8138099999999997
260,2020-04-26,MA,Vitória do Mearim,6,0,32764.0,18.31278
261,2020-04-26,MA,Vitorino Freire,1,0,31523.0,3.1722900000000003
262,2020-04-26,MA,Zé Doca,6,1,51714.0,11.602269999999999
264,2020-04-26,MG,Abaeté,1,0,23237.0,4.30348
265,2020-04-26,MG,Além Paraíba,1,0,35362.0,2.82789
266,2020-04-26,MG,Alfenas,3,0,79996.0,3.7501900000000004
267,2020-04-26,MG,Almenara,5,0,41896.0,11.93431
268,2020-04-26,MG,Alpercata,1,0,7424.0,13.469829999999998
269,2020-04-26,MG,Araguari,7,0,117267.0,5.96928
270,2020-04-26,MG,Araxá,3,1,106229.0,2.82409
271,2020-04-26,MG,Arceburgo,1,0,10772.0,9.28333
272,2020-04-26,MG,Arcos,7,0,40092.0,17.45984
273,2020-04-26,MG,Barbacena,5,0,137313.0,3.64132
274,2020-04-26,MG,Belmiro Braga,1,1,3429.0,29.16302
275,2020-04-26,MG,Belo Horizonte,544,11,2512070.0,21.65545
276,2020-04-26,MG,Belo Oriente,1,0,26700.0,3.7453199999999995
277,2020-04-26,MG,Belo Vale,1,1,7715.0,12.96176
278,2020-04-26,MG,Betim,13,0,439340.0,2.95898
279,2020-04-26,MG,Bicas,1,0,14494.0,6.8994100000000005
280,2020-04-26,MG,Boa Esperança,9,0,40127.0,22.42879
281,2020-04-26,MG,Bom Despacho,1,0,50605.0,1.9760900000000001
282,2020-04-26,MG,Bonfim,1,1,6868.0,14.560279999999999
283,2020-04-26,MG,Borda da Mata,2,0,19412.0,10.30291
284,2020-04-26,MG,Botelhos,1,0,14971.0,6.6795800000000005
285,2020-04-26,MG,Brasília de Minas,2,0,32347.0,6.18295
286,2020-04-26,MG,Caetanópolis,1,0,11624.0,8.602889999999999
287,2020-04-26,MG,Caeté,2,0,44718.0,4.4724699999999995
288,2020-04-26,MG,Camanducaia,2,0,21770.0,9.18695
289,2020-04-26,MG,Cambuí,8,0,29551.0,27.07184
290,2020-04-26,MG,Cambuquira,2,0,12814.0,15.60793
291,2020-04-26,MG,Campo Belo,3,0,54029.0,5.552569999999999
292,2020-04-26,MG,Campos Altos,1,0,15461.0,6.467890000000001
293,2020-04-26,MG,Campos Gerais,1,0,28774.0,3.47536
294,2020-04-26,MG,Capitólio,1,0,8632.0,11.5848
295,2020-04-26,MG,Carangola,1,0,33000.0,3.0303
296,2020-04-26,MG,Carlos Chagas,1,0,18837.0,5.3087
297,2020-04-26,MG,Carmo da Cachoeira,1,0,12170.0,8.21693
298,2020-04-26,MG,Carmo do Cajuru,2,0,22478.0,8.89759
299,2020-04-26,MG,Cataguases,3,1,75123.0,3.99345
300,2020-04-26,MG,Centralina,1,0,10350.0,9.66184
301,2020-04-26,MG,Conceição das Alagoas,2,0,27893.0,7.170260000000001
302,2020-04-26,MG,Conselheiro Lafaiete,12,0,128589.0,9.33206
303,2020-04-26,MG,Contagem,46,2,663855.0,6.92922
304,2020-04-26,MG,Coromandel,7,0,27974.0,25.023239999999998
305,2020-04-26,MG,Coronel Fabriciano,6,0,109855.0,5.46175
306,2020-04-26,MG,Curvelo,0,0,80129.0,
307,2020-04-26,MG,Divinésia,1,0,3417.0,29.26544
308,2020-04-26,MG,Divinópolis,58,1,238230.0,24.346220000000002
309,2020-04-26,MG,Esmeraldas,1,0,70552.0,1.41739
310,2020-04-26,MG,Espera Feliz,5,0,24951.0,20.039279999999998
311,2020-04-26,MG,Espinosa,1,1,31617.0,3.16286
312,2020-04-26,MG,Espírito Santo do Dourado,1,0,4692.0,21.31287
313,2020-04-26,MG,Estiva,1,0,11354.0,8.80747
314,2020-04-26,MG,Extrema,21,1,36225.0,57.97101
315,2020-04-26,MG,Faria Lemos,1,0,3241.0,30.854670000000002
316,2020-04-26,MG,Ferros,5,0,9820.0,50.9165
317,2020-04-26,MG,Formiga,1,0,67683.0,1.47748
318,2020-04-26,MG,Frutal,2,0,59496.0,3.3615699999999995
319,2020-04-26,MG,Goianá,2,0,3966.0,50.42864
320,2020-04-26,MG,Governador Valadares,14,3,279885.0,5.00205
321,2020-04-26,MG,Guaranésia,1,0,19021.0,5.25735
322,2020-04-26,MG,Guaxupé,3,0,51917.0,5.77845
323,2020-04-26,MG,Guimarânia,1,0,8039.0,12.43936
324,2020-04-26,MG,Ibirité,7,0,180204.0,3.88449
325,2020-04-26,MG,Imbé de Minas,1,0,6903.0,14.486460000000001
326,2020-04-26,MG,Importados/Indefinidos,18,0,,
327,2020-04-26,MG,Ipaba,2,0,18607.0,10.74864
328,2020-04-26,MG,Ipatinga,14,0,263410.0,5.31491
329,2020-04-26,MG,Ipiaçu,1,0,4221.0,23.69107
330,2020-04-26,MG,Ipuiúna,1,0,10079.0,9.921619999999999
331,2020-04-26,MG,Itabira,8,1,120060.0,6.66333
332,2020-04-26,MG,Itaguara,2,0,13358.0,14.9723
333,2020-04-26,MG,Itajubá,9,0,96869.0,9.2909
334,2020-04-26,MG,Itamonte,1,0,15579.0,6.4189
335,2020-04-26,MG,Itanhandu,4,0,15331.0,26.09093
336,2020-04-26,MG,Itaobim,1,0,21062.0,4.74789
337,2020-04-26,MG,Itapecerica,7,0,21762.0,32.16616
338,2020-04-26,MG,Itapeva,1,0,9783.0,10.221810000000001
339,2020-04-26,MG,Ituiutaba,2,0,104671.0,1.91075
340,2020-04-26,MG,Jaboticatubas,2,0,20143.0,9.92901
341,2020-04-26,MG,Janaúba,3,0,71648.0,4.18714
342,2020-04-26,MG,Jeceaba,1,0,4912.0,20.35831
343,2020-04-26,MG,João Monlevade,4,0,79910.0,5.00563
344,2020-04-26,MG,Juiz de Fora,121,3,568873.0,21.270129999999998
345,2020-04-26,MG,Lagoa da Prata,16,0,52165.0,30.671909999999997
346,2020-04-26,MG,Lagoa Santa,3,0,64527.0,4.64922
347,2020-04-26,MG,Lavras,7,0,103773.0,6.745489999999999
348,2020-04-26,MG,Leopoldina,1,0,52587.0,1.9016099999999998
349,2020-04-26,MG,Machado,2,0,42133.0,4.7468699999999995
350,2020-04-26,MG,Manhuaçu,3,0,90229.0,3.3248699999999998
351,2020-04-26,MG,Mariana,15,1,60724.0,24.701929999999997
352,2020-04-26,MG,Mário Campos,2,0,15416.0,12.97353
353,2020-04-26,MG,Maripá de Minas,1,0,2973.0,33.63606
354,2020-04-26,MG,Marliéria,4,0,4039.0,99.03441
355,2020-04-26,MG,Martinho Campos,1,0,13388.0,7.46938
356,2020-04-26,MG,Matias Barbosa,0,0,14468.0,
357,2020-04-26,MG,Matozinhos,1,0,37820.0,2.6441
358,2020-04-26,MG,Monte Azul,1,0,20854.0,4.79524
359,2020-04-26,MG,Monte Carmelo,5,0,47809.0,10.45828
360,2020-04-26,MG,Montes Claros,6,1,409341.0,1.46577
361,2020-04-26,MG,Morro da Garça,1,1,2462.0,40.61738
362,2020-04-26,MG,Munhoz,3,0,6029.0,49.7595
363,2020-04-26,MG,Muriaé,7,0,108763.0,6.43601
364,2020-04-26,MG,Muzambinho,1,0,20569.0,4.86169
365,2020-04-26,MG,Nanuque,2,1,40750.0,4.90798
366,2020-04-26,MG,Nazareno,1,0,8608.0,11.6171
367,2020-04-26,MG,Nova Lima,52,0,94889.0,54.800869999999996
368,2020-04-26,MG,Nova Serrana,1,1,102693.0,0.97378
369,2020-04-26,MG,Novo Cruzeiro,1,1,31331.0,3.1917299999999997
370,2020-04-26,MG,Ouro Fino,2,1,33639.0,5.94548
371,2020-04-26,MG,Paracatu,14,0,93158.0,15.028229999999999
372,2020-04-26,MG,Pará de Minas,5,0,93969.0,5.3209
373,2020-04-26,MG,Paraisópolis,4,2,21083.0,18.97263
374,2020-04-26,MG,Passos,1,0,114679.0,0.872
375,2020-04-26,MG,Patos de Minas,14,1,152488.0,9.18105
376,2020-04-26,MG,Patrocínio,19,1,90757.0,20.93502
377,2020-04-26,MG,Perdões,1,0,21390.0,4.67508
378,2020-04-26,MG,Piedade dos Gerais,0,0,4982.0,
379,2020-04-26,MG,Pirapetinga,1,0,10752.0,9.3006
380,2020-04-26,MG,Pirapora,2,0,56428.0,3.54434
381,2020-04-26,MG,Piumhi,2,1,34691.0,5.76518
382,2020-04-26,MG,Poço Fundo,1,0,16791.0,5.95557
383,2020-04-26,MG,Poços de Caldas,14,1,167397.0,8.36335
384,2020-04-26,MG,Porto Firme,1,0,11279.0,8.86603
385,2020-04-26,MG,Pouso Alegre,24,2,150737.0,15.92177
386,2020-04-26,MG,Presidente Juscelino,1,0,3641.0,27.464979999999997
387,2020-04-26,MG,Ribeirão das Neves,5,0,334858.0,1.49317
388,2020-04-26,MG,Sabará,11,0,136344.0,8.06783
389,2020-04-26,MG,Santa Luzia,8,0,219134.0,3.6507300000000003
390,2020-04-26,MG,Santa Maria de Itabira,1,0,10847.0,9.21914
391,2020-04-26,MG,Santana do Paraíso,3,0,34663.0,8.654760000000001
392,2020-04-26,MG,Santo Antônio do Monte,3,0,28243.0,10.6221
393,2020-04-26,MG,Santos Dumont,3,1,46487.0,6.4534199999999995
394,2020-04-26,MG,São Brás do Suaçuí,2,0,3738.0,53.50455
395,2020-04-26,MG,São Francisco,1,1,56323.0,1.77547
396,2020-04-26,MG,São Geraldo da Piedade,1,1,3962.0,25.23978
397,2020-04-26,MG,São Gotardo,2,0,35469.0,5.638730000000001
398,2020-04-26,MG,São João del Rei,6,0,90082.0,6.6606
399,2020-04-26,MG,São João Nepomuceno,1,0,26361.0,3.79348
400,2020-04-26,MG,São José da Lapa,2,0,23766.0,8.41538
401,2020-04-26,MG,São Lourenço,5,0,45851.0,10.90489
402,2020-04-26,MG,São Romão,1,0,12337.0,8.1057
403,2020-04-26,MG,São Sebastião do Paraíso,2,1,70956.0,2.81865
404,2020-04-26,MG,São Tomás de Aquino,2,1,7021.0,28.485970000000002
405,2020-04-26,MG,Sarzedo,1,0,32752.0,3.05325
406,2020-04-26,MG,Senador Amaral,5,0,5356.0,93.35325
407,2020-04-26,MG,Senhora do Porto,1,0,3523.0,28.3849
408,2020-04-26,MG,Serra do Salitre,1,0,11582.0,8.634089999999999
409,2020-04-26,MG,Sete Lagoas,6,0,239639.0,2.5037700000000003
410,2020-04-26,MG,Sobrália,1,0,5553.0,18.00828
411,2020-04-26,MG,Teófilo Otoni,2,0,140592.0,1.42256
412,2020-04-26,MG,Timóteo,8,0,89842.0,8.90452
413,2020-04-26,MG,Toledo,4,0,6258.0,63.91818000000001
414,2020-04-26,MG,Três Marias,1,0,32356.0,3.09062
415,2020-04-26,MG,Três Pontas,2,1,56746.0,3.5244800000000005
416,2020-04-26,MG,Tupaciguara,3,0,25327.0,11.84507
417,2020-04-26,MG,Ubá,4,0,115552.0,3.46164
418,2020-04-26,MG,Uberaba,49,3,333783.0,14.6802
419,2020-04-26,MG,Uberlândia,95,7,691305.0,13.74213
420,2020-04-26,MG,Unaí,2,0,84378.0,2.3702900000000002
421,2020-04-26,MG,Varginha,12,1,135558.0,8.8523
422,2020-04-26,MG,Varzelândia,1,1,19320.0,5.17598
423,2020-04-26,MG,Vazante,2,0,20590.0,9.71345
424,2020-04-26,MG,Vespasiano,0,0,127601.0,
425,2020-04-26,MG,Viçosa,3,0,78846.0,3.8048900000000003
427,2020-04-26,MS,Alcinópolis,1,0,5343.0,18.716079999999998
428,2020-04-26,MS,Bataguassu,2,0,23024.0,8.686589999999999
429,2020-04-26,MS,Batayporã,6,2,11329.0,52.96143000000001
430,2020-04-26,MS,Campo Grande,125,2,895982.0,13.951170000000001
431,2020-04-26,MS,Chapadão do Sul,9,0,25218.0,35.688790000000004
432,2020-04-26,MS,Corumbá,4,0,111435.0,3.58954
433,2020-04-26,MS,Coxim,1,0,33543.0,2.98125
434,2020-04-26,MS,Dourados,11,0,222949.0,4.93386
435,2020-04-26,MS,Ladário,3,0,23331.0,12.85843
436,2020-04-26,MS,Miranda,1,0,28013.0,3.5697699999999997
437,2020-04-26,MS,Mundo Novo,2,0,18366.0,10.88969
438,2020-04-26,MS,Naviraí,1,0,54878.0,1.8222200000000002
439,2020-04-26,MS,Nova Andradina,11,0,54374.0,20.23026
440,2020-04-26,MS,Paraíso das Águas,1,0,5555.0,18.0018
441,2020-04-26,MS,Paranaíba,2,0,42148.0,4.74518
442,2020-04-26,MS,Ponta Porã,1,0,92526.0,1.0807799999999999
443,2020-04-26,MS,Rio Verde de Mato Grosso,1,0,19746.0,5.0643199999999995
444,2020-04-26,MS,Selvíria,1,0,6529.0,15.316279999999999
445,2020-04-26,MS,Sidrolândia,1,0,57665.0,1.73415
446,2020-04-26,MS,Sonora,11,0,19274.0,57.0717
447,2020-04-26,MS,Três Lagoas,39,3,121388.0,32.12838
449,2020-04-26,MT,Alta Floresta,1,0,51782.0,1.93117
450,2020-04-26,MT,Aripuanã,2,1,22354.0,8.94694
451,2020-04-26,MT,Barra do Garças,3,1,61012.0,4.91707
452,2020-04-26,MT,Cáceres,4,1,94376.0,4.23837
453,2020-04-26,MT,Campo Novo do Parecis,1,0,35360.0,2.82805
454,2020-04-26,MT,Canarana,1,0,21579.0,4.63414
455,2020-04-26,MT,Chapada dos Guimarães,0,0,19752.0,
456,2020-04-26,MT,Confresa,1,0,30933.0,3.23279
457,2020-04-26,MT,Conquista D'Oeste,1,0,4038.0,24.76474
458,2020-04-26,MT,Cuiabá,127,1,612547.0,20.7331
459,2020-04-26,MT,Importados/Indefinidos,5,0,,
460,2020-04-26,MT,Ipiranga do Norte,1,0,7667.0,13.042910000000001
461,2020-04-26,MT,Jaciara,1,0,27776.0,3.6002300000000003
462,2020-04-26,MT,Lambari D'Oeste,1,0,6121.0,16.3372
463,2020-04-26,MT,Lucas do Rio Verde,1,1,65534.0,1.52593
464,2020-04-26,MT,Mirassol d'Oeste,6,1,27739.0,21.6302
465,2020-04-26,MT,Nova Monte Verde,1,0,9178.0,10.89562
466,2020-04-26,MT,Nova Mutum,1,0,45378.0,2.20371
467,2020-04-26,MT,Pontal do Araguaia,1,0,6711.0,14.900910000000001
468,2020-04-26,MT,Pontes e Lacerda,1,0,45436.0,2.2009
469,2020-04-26,MT,Primavera do Leste,6,0,62019.0,9.67445
470,2020-04-26,MT,Querência,1,0,17479.0,5.72115
471,2020-04-26,MT,Rio Branco,2,0,5156.0,38.78976
472,2020-04-26,MT,Rondonópolis,36,2,232491.0,15.484470000000002
473,2020-04-26,MT,São José dos Quatro Marcos,6,0,18906.0,31.73596
474,2020-04-26,MT,Sinop,20,1,142996.0,13.986410000000001
475,2020-04-26,MT,Tangará da Serra,5,0,103750.0,4.81928
476,2020-04-26,MT,União do Sul,1,0,3525.0,28.36879
477,2020-04-26,MT,Várzea Grande,12,0,284971.0,4.21095
478,2020-04-26,MT,Vila Bela da Santíssima Trindade,1,0,16128.0,6.2004
480,2020-04-26,PA,Abaetetuba,12,0,157698.0,7.6094800000000005
481,2020-04-26,PA,Acará,2,0,55591.0,3.5977
482,2020-04-26,PA,Afuá,1,0,39218.0,2.54985
483,2020-04-26,PA,Alenquer,1,0,56789.0,1.7609
484,2020-04-26,PA,Almeirim,2,0,34109.0,5.86356
485,2020-04-26,PA,Altamira,9,0,114594.0,7.85381
486,2020-04-26,PA,Anajás,0,0,29277.0,
487,2020-04-26,PA,Ananindeua,216,8,530598.0,40.70879
488,2020-04-26,PA,Anapu,5,0,27890.0,17.927570000000003
489,2020-04-26,PA,Augusto Corrêa,10,0,45998.0,21.74008
490,2020-04-26,PA,Aurora do Pará,3,0,31338.0,9.573039999999999
491,2020-04-26,PA,Bagre,2,0,30673.0,6.52039
492,2020-04-26,PA,Barcarena,12,1,124680.0,9.62464
493,2020-04-26,PA,Belém,1243,67,1492745.0,83.26941
494,2020-04-26,PA,Benevides,12,1,62737.0,19.127470000000002
495,2020-04-26,PA,Bom Jesus do Tocantins,1,0,16981.0,5.88893
496,2020-04-26,PA,Bragança,19,2,127686.0,14.88025
497,2020-04-26,PA,Breves,15,1,102701.0,14.60551
498,2020-04-26,PA,Bujaru,5,0,29132.0,17.16326
499,2020-04-26,PA,Cachoeira do Arari,5,0,23767.0,21.037570000000002
500,2020-04-26,PA,Cametá,8,1,137890.0,5.80173
501,2020-04-26,PA,Canaã dos Carajás,3,1,37085.0,8.08952
502,2020-04-26,PA,Capanema,19,0,69027.0,27.52546
503,2020-04-26,PA,Capitão Poço,2,0,54303.0,3.68304
504,2020-04-26,PA,Castanhal,57,2,200793.0,28.38744
505,2020-04-26,PA,Colares,1,0,12085.0,8.27472
506,2020-04-26,PA,Conceição do Araguaia,1,0,47864.0,2.08925
507,2020-04-26,PA,Concórdia do Pará,2,0,33318.0,6.002759999999999
508,2020-04-26,PA,Curionópolis,1,1,17929.0,5.57756
509,2020-04-26,PA,Curralinho,4,0,34448.0,11.6117
510,2020-04-26,PA,Curuçá,4,0,40066.0,9.98353
511,2020-04-26,PA,Garrafão do Norte,2,0,26066.0,7.67283
512,2020-04-26,PA,Goianésia do Pará,4,0,40475.0,9.882639999999999
513,2020-04-26,PA,Igarapé-Açu,8,0,38807.0,20.61484
514,2020-04-26,PA,Igarapé-Miri,3,0,62698.0,4.78484
515,2020-04-26,PA,Importados/Indefinidos,0,0,,
516,2020-04-26,PA,Inhangapi,2,0,11711.0,17.07796
517,2020-04-26,PA,Irituia,1,0,32550.0,3.0722
518,2020-04-26,PA,Itaituba,7,0,101247.0,6.91379
519,2020-04-26,PA,Juruti,5,2,57943.0,8.62917
520,2020-04-26,PA,Limoeiro do Ajuru,2,1,28935.0,6.912039999999999
521,2020-04-26,PA,Mãe do Rio,3,0,30077.0,9.9744
522,2020-04-26,PA,Marabá,17,4,279349.0,6.08558
523,2020-04-26,PA,Marapanim,4,0,28336.0,14.116320000000002
524,2020-04-26,PA,Marituba,32,1,131521.0,24.33072
525,2020-04-26,PA,Mocajuba,1,0,31136.0,3.21172
526,2020-04-26,PA,Monte Alegre,3,0,58032.0,5.16956
527,2020-04-26,PA,Muaná,1,0,40349.0,2.47838
528,2020-04-26,PA,Nova Esperança do Piriá,1,0,21368.0,4.6799
529,2020-04-26,PA,Nova Ipixuna,1,0,16678.0,5.99592
530,2020-04-26,PA,Nova Timboteua,2,0,15363.0,13.018289999999999
531,2020-04-26,PA,Novo Progresso,2,0,25762.0,7.76337
532,2020-04-26,PA,Óbidos,2,1,52137.0,3.83605
533,2020-04-26,PA,Oeiras do Pará,5,0,32512.0,15.37894
534,2020-04-26,PA,Oriximiná,1,0,73096.0,1.36806
535,2020-04-26,PA,Ourém,2,0,17842.0,11.20951
536,2020-04-26,PA,Pacajá,2,0,47706.0,4.19234
537,2020-04-26,PA,Paragominas,11,1,113145.0,9.72204
538,2020-04-26,PA,Parauapebas,58,4,208273.0,27.848059999999997
539,2020-04-26,PA,Ponta de Pedras,4,1,31082.0,12.86918
540,2020-04-26,PA,Porto de Moz,1,0,41135.0,2.43102
541,2020-04-26,PA,Primavera,2,0,10825.0,18.47575
542,2020-04-26,PA,Quatipuru,2,0,13608.0,14.697239999999999
543,2020-04-26,PA,Redenção,1,0,84787.0,1.17943
544,2020-04-26,PA,Rondon do Pará,1,1,52357.0,1.9099599999999999
545,2020-04-26,PA,Salinópolis,5,0,40675.0,12.29256
546,2020-04-26,PA,Salvaterra,3,0,23752.0,12.630519999999999
547,2020-04-26,PA,Santa Bárbara do Pará,7,0,21079.0,33.20841
548,2020-04-26,PA,Santa Cruz do Arari,5,1,10128.0,49.36809
549,2020-04-26,PA,Santa Izabel do Pará,31,1,70801.0,43.784690000000005
550,2020-04-26,PA,Santa Maria do Pará,1,0,24861.0,4.02236
551,2020-04-26,PA,Santarém,50,5,304589.0,16.41556
552,2020-04-26,PA,Santo Antônio do Tauá,23,1,31482.0,73.05762
553,2020-04-26,PA,São Caetano de Odivelas,2,1,18050.0,11.08033
554,2020-04-26,PA,São Domingos do Capim,1,0,31989.0,3.12607
555,2020-04-26,PA,São Geraldo do Araguaia,1,0,24847.0,4.02463
556,2020-04-26,PA,São João de Pirabas,2,0,23045.0,8.67867
557,2020-04-26,PA,São João do Araguaia,1,0,13996.0,7.1449
558,2020-04-26,PA,São Miguel do Guamá,14,2,58986.0,23.73445
559,2020-04-26,PA,São Sebastião da Boa Vista,7,0,26640.0,26.27628
560,2020-04-26,PA,Tailândia,5,0,106339.0,4.7019400000000005
561,2020-04-26,PA,Terra Alta,2,0,11720.0,17.06485
562,2020-04-26,PA,Tomé-Açu,2,0,63447.0,3.15224
563,2020-04-26,PA,Tracuateua,1,0,30959.0,3.23008
564,2020-04-26,PA,Tucumã,1,0,39602.0,2.5251200000000003
565,2020-04-26,PA,Tucuruí,6,0,113659.0,5.27895
566,2020-04-26,PA,Vigia,25,1,53686.0,46.56708
567,2020-04-26,PA,Viseu,2,1,61403.0,3.25717
568,2020-04-26,PA,Xinguara,3,0,44751.0,6.703760000000001
570,2020-04-26,PB,Alagoa Grande,1,0,28496.0,3.50926
571,2020-04-26,PB,Alagoa Nova,1,0,20849.0,4.79639
572,2020-04-26,PB,Areia,1,0,22819.0,4.3823099999999995
573,2020-04-26,PB,Barra de São Miguel,1,0,6036.0,16.56726
574,2020-04-26,PB,Bayeux,15,1,96880.0,15.483070000000001
575,2020-04-26,PB,Bom Jesus,1,0,2561.0,39.04725
576,2020-04-26,PB,Boqueirão,1,0,17804.0,5.61672
577,2020-04-26,PB,Brejo do Cruz,1,1,14122.0,7.08115
578,2020-04-26,PB,Caaporã,1,0,21828.0,4.58127
579,2020-04-26,PB,Cabedelo,19,2,67736.0,28.050079999999998
580,2020-04-26,PB,Cajazeiras,4,1,61993.0,6.45234
581,2020-04-26,PB,Campina Grande,39,2,409731.0,9.51844
582,2020-04-26,PB,Conde,5,1,24670.0,20.267529999999997
583,2020-04-26,PB,Congo,1,0,4786.0,20.894270000000002
584,2020-04-26,PB,Coremas,1,0,15445.0,6.47459
585,2020-04-26,PB,Coxixola,1,0,1921.0,52.05622
586,2020-04-26,PB,Cruz do Espírito Santo,2,0,17319.0,11.548010000000001
587,2020-04-26,PB,Esperança,1,0,33007.0,3.02966
588,2020-04-26,PB,Guarabira,3,0,58833.0,5.0991800000000005
589,2020-04-26,PB,Gurinhém,1,0,14129.0,7.07764
590,2020-04-26,PB,Igaracy,1,0,6117.0,16.34788
591,2020-04-26,PB,Itabaiana,2,0,24477.0,8.17094
592,2020-04-26,PB,Itaporanga,0,0,24692.0,
593,2020-04-26,PB,Itapororoca,3,0,18664.0,16.07372
594,2020-04-26,PB,João Pessoa,349,28,809015.0,43.13888
595,2020-04-26,PB,Junco do Seridó,3,1,7150.0,41.958040000000004
596,2020-04-26,PB,Marizópolis,1,1,6617.0,15.112589999999999
597,2020-04-26,PB,Patos,11,2,107605.0,10.22257
598,2020-04-26,PB,Pedras de Fogo,2,0,28458.0,7.0279
599,2020-04-26,PB,Pombal,2,0,32801.0,6.09738
600,2020-04-26,PB,Queimadas,1,0,43967.0,2.2744299999999997
601,2020-04-26,PB,Riachão do Poço,1,1,4509.0,22.177870000000002
602,2020-04-26,PB,Santa Rita,40,7,136586.0,29.28558
603,2020-04-26,PB,São Bento,2,0,34031.0,5.87699
604,2020-04-26,PB,São João do Rio do Peixe,4,0,18034.0,22.180329999999998
605,2020-04-26,PB,Sapé,13,1,52625.0,24.70309
606,2020-04-26,PB,Serra Branca,1,0,13699.0,7.2998
607,2020-04-26,PB,Sousa,6,0,69444.0,8.64006
608,2020-04-26,PB,Taperoá,1,1,15376.0,6.50364
611,2020-04-26,PI,Água Branca,4,0,17411.0,22.973979999999997
612,2020-04-26,PI,Altos,1,0,40524.0,2.46767
613,2020-04-26,PI,Alvorada do Gurguéia,1,0,5419.0,18.45359
614,2020-04-26,PI,Angical do Piauí,1,0,6788.0,14.731879999999999
615,2020-04-26,PI,Anísio de Abreu,3,0,9880.0,30.36437
616,2020-04-26,PI,Betânia do Piauí,1,0,6205.0,16.116039999999998
617,2020-04-26,PI,Bom Jesus,2,0,25179.0,7.94313
618,2020-04-26,PI,Bom Princípio do Piauí,1,1,5630.0,17.76199
619,2020-04-26,PI,Bonfim do Piauí,1,0,5670.0,17.63668
620,2020-04-26,PI,Buriti dos Lopes,1,1,19781.0,5.05536
621,2020-04-26,PI,Campo Maior,3,0,46833.0,6.40574
622,2020-04-26,PI,Canto do Buriti,1,0,21187.0,4.71988
623,2020-04-26,PI,Caracol,1,0,10916.0,9.160860000000001
624,2020-04-26,PI,Castelo do Piauí,2,0,19716.0,10.14405
625,2020-04-26,PI,Colônia do Gurguéia,2,0,6484.0,30.845159999999996
626,2020-04-26,PI,Demerval Lobão,4,0,13817.0,28.949840000000002
627,2020-04-26,PI,Elesbão Veloso,1,0,14602.0,6.848380000000001
628,2020-04-26,PI,Esperantina,5,0,39737.0,12.58273
629,2020-04-26,PI,Floriano,5,0,59935.0,8.342369999999999
630,2020-04-26,PI,Francinópolis,2,0,5348.0,37.39716
631,2020-04-26,PI,Ilha Grande,1,0,9426.0,10.60895
632,2020-04-26,PI,Inhuma,1,0,15308.0,6.53253
633,2020-04-26,PI,Itaueira,1,1,11019.0,9.07523
634,2020-04-26,PI,José de Freitas,1,0,39208.0,2.5505
635,2020-04-26,PI,Lagoa do Barro do Piauí,1,0,4655.0,21.48228
636,2020-04-26,PI,Luís Correia,3,0,30311.0,9.8974
637,2020-04-26,PI,Luzilândia,1,0,25486.0,3.92372
638,2020-04-26,PI,Manoel Emídio,1,0,5349.0,18.695079999999997
639,2020-04-26,PI,Miguel Alves,2,0,33760.0,5.924169999999999
640,2020-04-26,PI,Nazaré do Piauí,0,0,7339.0,
641,2020-04-26,PI,Nazária,2,0,8570.0,23.337220000000002
642,2020-04-26,PI,Oeiras,3,0,37029.0,8.10176
643,2020-04-26,PI,Parnaíba,19,3,153078.0,12.41197
644,2020-04-26,PI,Pedro II,3,1,38742.0,7.743530000000001
645,2020-04-26,PI,Picos,6,1,78222.0,7.67048
646,2020-04-26,PI,Pimenteiras,1,0,12127.0,8.24606
647,2020-04-26,PI,Piracuruca,7,2,28791.0,24.31315
648,2020-04-26,PI,Piripiri,1,0,63742.0,1.56882
649,2020-04-26,PI,Ribeira do Piauí,1,0,4477.0,22.336389999999998
650,2020-04-26,PI,Rio Grande do Piauí,1,0,6432.0,15.547260000000001
651,2020-04-26,PI,São Francisco do Piauí,1,1,6423.0,15.56905
652,2020-04-26,PI,São José do Divino,3,1,5346.0,56.116719999999994
653,2020-04-26,PI,São José do Piauí,1,0,6705.0,14.91424
654,2020-04-26,PI,São Raimundo Nonato,18,0,34710.0,51.85825
655,2020-04-26,PI,Teresina,237,8,864845.0,27.40375
656,2020-04-26,PI,União,5,0,44485.0,11.23974
657,2020-04-26,PI,Várzea Grande,1,0,4391.0,22.77386
659,2020-04-26,PR,Almirante Tamandaré,6,0,118623.0,5.05804
660,2020-04-26,PR,Alto Paraná,4,0,14770.0,27.08192
661,2020-04-26,PR,Amaporã,7,0,6257.0,111.8747
662,2020-04-26,PR,Apucarana,14,2,134996.0,10.37068
663,2020-04-26,PR,Arapongas,14,1,123027.0,11.37962
664,2020-04-26,PR,Araruna,10,1,13970.0,71.58196
665,2020-04-26,PR,Araucária,6,0,143843.0,4.171209999999999
666,2020-04-26,PR,Assaí,1,0,15119.0,6.61419
667,2020-04-26,PR,Assis Chateaubriand,9,0,33362.0,26.9768
668,2020-04-26,PR,Balsa Nova,5,0,12941.0,38.63689
669,2020-04-26,PR,Bandeirantes,3,1,31367.0,9.56419
670,2020-04-26,PR,Barracão,1,0,10275.0,9.73236
671,2020-04-26,PR,Boa Vista da Aparecida,1,0,7591.0,13.17349
672,2020-04-26,PR,Cambé,6,0,106533.0,5.63206
673,2020-04-26,PR,Campina da Lagoa,1,1,14202.0,7.04126
674,2020-04-26,PR,Campina Grande do Sul,5,0,43288.0,11.55055
675,2020-04-26,PR,Campo Largo,18,2,132002.0,13.63616
676,2020-04-26,PR,Campo Magro,1,0,29318.0,3.4108699999999996
677,2020-04-26,PR,Campo Mourão,29,4,94859.0,30.571690000000004
678,2020-04-26,PR,Cascavel,70,4,328454.0,21.31196
679,2020-04-26,PR,Castro,2,0,71484.0,2.79783
680,2020-04-26,PR,Chopinzinho,1,0,19254.0,5.19373
681,2020-04-26,PR,Cianorte,15,1,82620.0,18.15541
682,2020-04-26,PR,Colombo,10,0,243726.0,4.10297
683,2020-04-26,PR,Contenda,1,0,18584.0,5.38097
684,2020-04-26,PR,Cornélio Procópio,1,0,47845.0,2.09008
685,2020-04-26,PR,Cruzeiro do Sul,1,0,4469.0,22.37637
686,2020-04-26,PR,Curitiba,404,16,1933105.0,20.89902
687,2020-04-26,PR,Dois Vizinhos,1,0,40641.0,2.46057
688,2020-04-26,PR,Faxinal,1,0,17251.0,5.7967699999999995
689,2020-04-26,PR,Fazenda Rio Grande,14,0,100209.0,13.9708
690,2020-04-26,PR,Floresta,2,0,6774.0,29.52465
691,2020-04-26,PR,Foz do Iguaçu,42,1,258532.0,16.24557
692,2020-04-26,PR,Francisco Beltrão,3,0,91093.0,3.29334
693,2020-04-26,PR,Goioerê,4,0,28884.0,13.8485
694,2020-04-26,PR,Guaíra,13,1,33119.0,39.252390000000005
695,2020-04-26,PR,Guairaçá,3,1,6581.0,45.58578
696,2020-04-26,PR,Guaraci,3,0,5502.0,54.52563000000001
697,2020-04-26,PR,Guaraniaçu,5,0,12472.0,40.0898
698,2020-04-26,PR,Guarapuava,3,0,181504.0,1.6528599999999998
699,2020-04-26,PR,Guaratuba,1,0,37067.0,2.69782
700,2020-04-26,PR,Ibaiti,1,0,31364.0,3.18837
701,2020-04-26,PR,Ibema,11,0,6352.0,173.1738
702,2020-04-26,PR,Ibiporã,1,0,54558.0,1.8329099999999998
703,2020-04-26,PR,Imbaú,2,0,13111.0,15.254370000000002
704,2020-04-26,PR,Importados/Indefinidos,15,2,,
705,2020-04-26,PR,Iretama,1,1,10169.0,9.83381
706,2020-04-26,PR,Itaperuçu,1,0,28634.0,3.49235
707,2020-04-26,PR,Ivaiporã,6,1,31984.0,18.75938
708,2020-04-26,PR,Jacarezinho,1,0,39378.0,2.5394900000000002
709,2020-04-26,PR,Jaguapitã,1,0,13620.0,7.34214
710,2020-04-26,PR,Japurá,1,0,9425.0,10.61008
711,2020-04-26,PR,Jataizinho,2,0,12588.0,15.88815
712,2020-04-26,PR,Jussara,1,1,7013.0,14.259229999999999
713,2020-04-26,PR,Lapa,3,0,48163.0,6.22885
714,2020-04-26,PR,Leópolis,1,0,3954.0,25.29084
715,2020-04-26,PR,Londrina,95,13,569733.0,16.67448
716,2020-04-26,PR,Mandaguaçu,1,0,22819.0,4.3823099999999995
717,2020-04-26,PR,Mandaguari,1,0,34400.0,2.90698
718,2020-04-26,PR,Mandirituba,3,0,26869.0,11.165280000000001
719,2020-04-26,PR,Manoel Ribas,1,1,13502.0,7.40631
720,2020-04-26,PR,Marechal Cândido Rondon,2,0,52944.0,3.7775800000000004
721,2020-04-26,PR,Maringá,54,5,423666.0,12.74589
722,2020-04-26,PR,Mariópolis,2,0,6610.0,30.25719
723,2020-04-26,PR,Marumbi,2,0,4679.0,42.74418
724,2020-04-26,PR,Matinhos,2,0,34720.0,5.76037
725,2020-04-26,PR,Medianeira,4,0,46198.0,8.658380000000001
726,2020-04-26,PR,Morretes,1,0,16406.0,6.095330000000001
727,2020-04-26,PR,Nova Esperança,5,0,27904.0,17.91858
728,2020-04-26,PR,Nova Londrina,2,0,13213.0,15.136610000000001
729,2020-04-26,PR,Paiçandu,1,0,41281.0,2.4224200000000002
730,2020-04-26,PR,Palmas,1,0,50986.0,1.9613200000000002
731,2020-04-26,PR,Palmeira,2,0,33877.0,5.90371
732,2020-04-26,PR,Paranacity,5,0,11472.0,43.584379999999996
733,2020-04-26,PR,Paranaguá,12,2,154936.0,7.7451300000000005
734,2020-04-26,PR,Paranapoema,1,0,3203.0,31.22073
735,2020-04-26,PR,Paranavaí,16,2,88374.0,18.104870000000002
736,2020-04-26,PR,Pato Branco,14,1,82881.0,16.89169
737,2020-04-26,PR,Peabiru,2,0,13996.0,14.2898
738,2020-04-26,PR,Pinhais,20,1,132157.0,15.13352
739,2020-04-26,PR,Pinhal de São Bento,1,0,2731.0,36.616620000000005
740,2020-04-26,PR,Pinhão,2,0,32391.0,6.17455
741,2020-04-26,PR,Piraquara,3,0,113036.0,2.65402
742,2020-04-26,PR,Planaltina do Paraná,4,0,4263.0,93.83064
743,2020-04-26,PR,Ponta Grossa,11,0,351736.0,3.12735
744,2020-04-26,PR,Primeiro de Maio,2,1,11123.0,17.98076
745,2020-04-26,PR,Quatiguá,2,1,7449.0,26.84924
746,2020-04-26,PR,Quatro Barras,1,0,23559.0,4.24466
747,2020-04-26,PR,Querência do Norte,2,0,12206.0,16.385379999999998
748,2020-04-26,PR,Quitandinha,2,0,19049.0,10.499239999999999
749,2020-04-26,PR,Ramilândia,1,0,4451.0,22.46686
750,2020-04-26,PR,Rio Branco do Sul,4,0,32397.0,12.34682
751,2020-04-26,PR,Rio Negro,2,0,34170.0,5.85309
752,2020-04-26,PR,Rolândia,3,0,66580.0,4.50586
753,2020-04-26,PR,Santa Cruz de Monte Castelo,2,0,7800.0,25.641029999999997
754,2020-04-26,PR,Santa Fé,7,1,12037.0,58.154030000000006
755,2020-04-26,PR,Santa Isabel do Ivaí,0,0,8562.0,
756,2020-04-26,PR,Santa Mônica,7,1,3981.0,175.83522
757,2020-04-26,PR,Santana do Itararé,1,0,4992.0,20.03205
758,2020-04-26,PR,Santa Terezinha de Itaipu,1,0,23465.0,4.26167
759,2020-04-26,PR,Santo Antônio do Caiuá,3,1,2641.0,113.59334
760,2020-04-26,PR,São João do Caiuá,7,1,5855.0,119.55593999999999
761,2020-04-26,PR,São João do Ivaí,6,1,10219.0,58.71416
762,2020-04-26,PR,São José dos Pinhais,21,0,323340.0,6.4947099999999995
763,2020-04-26,PR,São Manoel do Paraná,1,0,2160.0,46.2963
764,2020-04-26,PR,Sarandi,2,0,96688.0,2.06851
765,2020-04-26,PR,Sertaneja,1,0,5284.0,18.925060000000002
766,2020-04-26,PR,Siqueira Campos,2,1,21016.0,9.51656
767,2020-04-26,PR,Tamboara,1,0,5120.0,19.53125
768,2020-04-26,PR,Telêmaco Borba,12,0,78974.0,15.194870000000002
769,2020-04-26,PR,Terra Boa,2,1,17094.0,11.70001
770,2020-04-26,PR,Terra Rica,1,0,16789.0,5.9562800000000005
771,2020-04-26,PR,Toledo,1,0,140635.0,0.71106
772,2020-04-26,PR,Tupãssi,1,0,8124.0,12.30921
773,2020-04-26,PR,Umuarama,4,0,111557.0,3.58561
774,2020-04-26,PR,União da Vitória,6,0,57517.0,10.4317
775,2020-04-26,PR,Verê,3,0,7257.0,41.3394
776,2020-04-26,PR,Vitorino,1,0,6838.0,14.62416
778,2020-04-26,RJ,Angra dos Reis,11,0,203785.0,5.39785
779,2020-04-26,RJ,Aperibé,2,0,11759.0,17.00825
780,2020-04-26,RJ,Araruama,30,1,132400.0,22.65861
781,2020-04-26,RJ,Areal,2,0,12572.0,15.908370000000001
782,2020-04-26,RJ,Armação dos Búzios,7,0,33870.0,20.66726
783,2020-04-26,RJ,Arraial do Cabo,5,1,30349.0,16.47501
784,2020-04-26,RJ,Barra do Piraí,17,3,100374.0,16.93666
785,2020-04-26,RJ,Barra Mansa,25,1,184412.0,13.5566
786,2020-04-26,RJ,Belford Roxo,146,8,510906.0,28.576690000000003
787,2020-04-26,RJ,Bom Jardim,5,1,27446.0,18.217589999999998
788,2020-04-26,RJ,Bom Jesus do Itabapoana,7,1,37096.0,18.86996
789,2020-04-26,RJ,Cabo Frio,27,3,226525.0,11.919210000000001
790,2020-04-26,RJ,Cachoeiras de Macacu,10,1,58937.0,16.967270000000003
791,2020-04-26,RJ,Campos dos Goytacazes,8,1,507548.0,1.57621
792,2020-04-26,RJ,Cantagalo,1,0,20172.0,4.95737
793,2020-04-26,RJ,Carapebus,1,0,16301.0,6.13459
794,2020-04-26,RJ,Casimiro de Abreu,21,0,44184.0,47.52852
795,2020-04-26,RJ,Conceição de Macabu,2,0,23228.0,8.6103
796,2020-04-26,RJ,Cordeiro,1,0,21926.0,4.5608
797,2020-04-26,RJ,Duque de Caxias,300,63,919596.0,32.623020000000004
798,2020-04-26,RJ,Guapimirim,5,0,60517.0,8.262139999999999
799,2020-04-26,RJ,Iguaba Grande,15,4,28310.0,52.984809999999996
800,2020-04-26,RJ,Importados/Indefinidos,0,0,,
801,2020-04-26,RJ,Itaboraí,79,7,240592.0,32.83567
802,2020-04-26,RJ,Itaguaí,24,3,133019.0,18.04254
803,2020-04-26,RJ,Itaperuna,3,0,103224.0,2.9063
804,2020-04-26,RJ,Itatiaia,3,0,31805.0,9.43248
805,2020-04-26,RJ,Japeri,23,1,104768.0,21.95327
806,2020-04-26,RJ,Macaé,41,8,256672.0,15.97369
807,2020-04-26,RJ,Macuco,0,0,5599.0,
808,2020-04-26,RJ,Magé,66,5,245071.0,26.930970000000002
809,2020-04-26,RJ,Mangaratiba,6,2,44468.0,13.49285
810,2020-04-26,RJ,Maricá,52,8,161207.0,32.25666
811,2020-04-26,RJ,Mendes,1,0,18614.0,5.3723
812,2020-04-26,RJ,Mesquita,132,10,176103.0,74.95613
813,2020-04-26,RJ,Miguel Pereira,7,1,25538.0,27.41013
814,2020-04-26,RJ,Nilópolis,50,3,162485.0,30.772070000000003
815,2020-04-26,RJ,Niterói,260,19,513584.0,50.624629999999996
816,2020-04-26,RJ,Nova Friburgo,43,3,190631.0,22.55667
817,2020-04-26,RJ,Nova Iguaçu,310,24,821128.0,37.75294
818,2020-04-26,RJ,Paracambi,17,1,52257.0,32.53153
819,2020-04-26,RJ,Paraíba do Sul,5,0,44285.0,11.2905
820,2020-04-26,RJ,Paraty,5,1,43165.0,11.58346
821,2020-04-26,RJ,Paty do Alferes,2,0,27769.0,7.20228
822,2020-04-26,RJ,Petrópolis,80,8,306191.0,26.12748
823,2020-04-26,RJ,Pinheiral,5,0,25156.0,19.875970000000002
824,2020-04-26,RJ,Piraí,3,0,29277.0,10.24695
825,2020-04-26,RJ,Porciúncula,1,0,18847.0,5.30588
826,2020-04-26,RJ,Porto Real,3,0,19683.0,15.241579999999999
827,2020-04-26,RJ,Quatis,3,0,14302.0,20.97609
828,2020-04-26,RJ,Queimados,44,3,150319.0,29.271079999999998
829,2020-04-26,RJ,Quissamã,3,0,24700.0,12.14575
830,2020-04-26,RJ,Resende,16,4,131341.0,12.182030000000001
831,2020-04-26,RJ,Rio Bonito,19,3,60201.0,31.560940000000002
832,2020-04-26,RJ,Rio das Flores,2,0,9284.0,21.54244
833,2020-04-26,RJ,Rio das Ostras,28,6,150674.0,18.583170000000003
834,2020-04-26,RJ,Rio de Janeiro,4498,382,6718903.0,66.94545
835,2020-04-26,RJ,Santa Maria Madalena,1,0,10404.0,9.61169
836,2020-04-26,RJ,Santo Antônio de Pádua,1,0,42479.0,2.3541
837,2020-04-26,RJ,São Fidélis,4,0,38669.0,10.3442
838,2020-04-26,RJ,São Francisco de Itabapoana,2,1,42205.0,4.73878
839,2020-04-26,RJ,São Gonçalo,183,19,1084839.0,16.86886
840,2020-04-26,RJ,São João da Barra,1,0,36102.0,2.76993
841,2020-04-26,RJ,São João de Meriti,136,13,472406.0,28.7888
842,2020-04-26,RJ,São José de Ubá,1,0,7171.0,13.94506
843,2020-04-26,RJ,São Pedro da Aldeia,17,2,104476.0,16.27168
844,2020-04-26,RJ,São Sebastião do Alto,1,0,9357.0,10.68719
845,2020-04-26,RJ,Sapucaia,8,2,18228.0,43.88852
846,2020-04-26,RJ,Saquarema,7,0,89170.0,7.850169999999999
847,2020-04-26,RJ,Seropédica,9,0,82312.0,10.93401
848,2020-04-26,RJ,Silva Jardim,4,0,21774.0,18.37053
849,2020-04-26,RJ,Sumidouro,2,0,15623.0,12.801639999999999
850,2020-04-26,RJ,Tanguá,11,6,34309.0,32.06156
851,2020-04-26,RJ,Teresópolis,36,1,182594.0,19.715870000000002
852,2020-04-26,RJ,Trajano de Moraes,0,0,10626.0,
853,2020-04-26,RJ,Três Rios,8,0,81804.0,9.77947
854,2020-04-26,RJ,Valença,5,0,76523.0,6.533980000000001
855,2020-04-26,RJ,Vassouras,3,0,36896.0,8.13096
856,2020-04-26,RJ,Volta Redonda,189,11,273012.0,69.22773000000001
858,2020-04-26,RR,Alto Alegre,2,1,15510.0,12.894910000000001
859,2020-04-26,RR,Boa Vista,362,3,399213.0,90.67841
860,2020-04-26,RR,Bonfim,4,0,12409.0,32.23467
861,2020-04-26,RR,Cantá,4,0,18335.0,21.8162
862,2020-04-26,RR,Caroebe,3,0,10169.0,29.50143
863,2020-04-26,RR,Mucajaí,2,0,17853.0,11.2026
864,2020-04-26,RR,Pacaraima,18,0,17401.0,103.44233
865,2020-04-26,RR,Rorainópolis,11,0,30163.0,36.46852
866,2020-04-26,RR,São Luiz,1,0,7986.0,12.52191
868,2020-04-26,RS,Ajuricaba,1,0,7024.0,14.2369
869,2020-04-26,RS,Alegrete,1,0,73589.0,1.3589
870,2020-04-26,RS,Alvorada,11,1,210305.0,5.2305
871,2020-04-26,RS,Anta Gorda,2,0,5981.0,33.43922
872,2020-04-26,RS,Arroio do Meio,5,0,20805.0,24.03268
873,2020-04-26,RS,Arroio do Sal,2,1,10065.0,19.87084
874,2020-04-26,RS,Arroio dos Ratos,3,0,14151.0,21.199920000000002
875,2020-04-26,RS,Arvorezinha,1,0,10424.0,9.59325
876,2020-04-26,RS,Bagé,29,0,121143.0,23.93865
877,2020-04-26,RS,Bento Gonçalves,17,0,120454.0,14.113270000000002
878,2020-04-26,RS,Bom Retiro do Sul,4,0,12328.0,32.446459999999995
879,2020-04-26,RS,Cachoeira do Sul,2,0,82201.0,2.43306
880,2020-04-26,RS,Cachoeirinha,9,0,130293.0,6.90751
881,2020-04-26,RS,Camaquã,1,0,66261.0,1.50918
882,2020-04-26,RS,Campestre da Serra,1,0,3388.0,29.515940000000004
883,2020-04-26,RS,Campinas do Sul,1,0,5454.0,18.33517
884,2020-04-26,RS,Campo Bom,4,0,66712.0,5.99592
885,2020-04-26,RS,Candelária,2,0,31365.0,6.376530000000001
886,2020-04-26,RS,Canguçu,2,0,56045.0,3.5685599999999997
887,2020-04-26,RS,Canoas,21,1,346616.0,6.05858
888,2020-04-26,RS,Capão da Canoa,7,0,53049.0,13.19535
889,2020-04-26,RS,Capão do Leão,1,0,25354.0,3.94415
890,2020-04-26,RS,Carazinho,12,0,62110.0,19.32056
891,2020-04-26,RS,Carlos Barbosa,11,0,29833.0,36.87192
892,2020-04-26,RS,Caxias do Sul,47,0,510906.0,9.19934
893,2020-04-26,RS,Cerro Grande do Sul,1,0,12239.0,8.1706
894,2020-04-26,RS,Chapada,2,0,9269.0,21.5773
895,2020-04-26,RS,Charqueadas,2,0,40789.0,4.9032800000000005
896,2020-04-26,RS,Cidreira,2,1,16254.0,12.30466
897,2020-04-26,RS,Ciríaco,1,0,4747.0,21.065939999999998
898,2020-04-26,RS,Coronel Bicaco,1,0,7325.0,13.651879999999998
899,2020-04-26,RS,Cruz Alta,1,0,60299.0,1.6584
900,2020-04-26,RS,Cruzeiro do Sul,4,0,12348.0,32.39391
901,2020-04-26,RS,Dois Irmãos,3,0,32671.0,9.18246
902,2020-04-26,RS,Dom Pedrito,1,0,38461.0,2.6000400000000004
903,2020-04-26,RS,Eldorado do Sul,2,0,41285.0,4.84437
904,2020-04-26,RS,Encantado,7,0,22706.0,30.82886
905,2020-04-26,RS,Encruzilhada do Sul,2,1,25877.0,7.72887
906,2020-04-26,RS,Erechim,5,0,105862.0,4.72313
907,2020-04-26,RS,Ernestina,1,0,3168.0,31.565659999999998
908,2020-04-26,RS,Espumoso,4,0,15588.0,25.66076
909,2020-04-26,RS,Estância Velha,3,0,50022.0,5.99736
910,2020-04-26,RS,Esteio,7,0,83202.0,8.413260000000001
911,2020-04-26,RS,Estrela,6,0,34116.0,17.58706
912,2020-04-26,RS,Farroupilha,11,0,72331.0,15.20786
913,2020-04-26,RS,Flores da Cunha,1,0,30745.0,3.25256
914,2020-04-26,RS,Floriano Peixoto,1,0,1766.0,56.62514
915,2020-04-26,RS,Garibaldi,11,1,35070.0,31.365840000000002
916,2020-04-26,RS,Getúlio Vargas,1,0,16212.0,6.16827
917,2020-04-26,RS,Glorinha,1,0,8098.0,12.34873
918,2020-04-26,RS,Gravataí,19,1,281519.0,6.7491
919,2020-04-26,RS,Guaíba,2,0,98143.0,2.03784
920,2020-04-26,RS,Harmonia,5,0,4866.0,102.7538
921,2020-04-26,RS,Ibirapuitã,4,0,4013.0,99.67605
922,2020-04-26,RS,Imbé,1,0,22800.0,4.38596
923,2020-04-26,RS,Ivoti,5,1,24293.0,20.582060000000002
924,2020-04-26,RS,Lajeado,51,2,84014.0,60.70417
925,2020-04-26,RS,Maratá,1,0,2691.0,37.16091
926,2020-04-26,RS,Marau,49,1,44161.0,110.95763000000001
927,2020-04-26,RS,Marcelino Ramos,1,0,4402.0,22.71695
928,2020-04-26,RS,Minas do Leão,2,0,8075.0,24.7678
929,2020-04-26,RS,Montenegro,3,0,65264.0,4.59671
930,2020-04-26,RS,Muçum,2,0,4954.0,40.37142
931,2020-04-26,RS,Não-Me-Toque,4,0,17624.0,22.69632
932,2020-04-26,RS,Nicolau Vergueiro,1,0,1682.0,59.453030000000005
933,2020-04-26,RS,Nova Bréscia,1,0,3330.0,30.03003
934,2020-04-26,RS,Nova Palma,1,0,6512.0,15.35627
935,2020-04-26,RS,Nova Prata,1,0,27257.0,3.6687800000000004
936,2020-04-26,RS,Novo Hamburgo,26,2,246748.0,10.53707
937,2020-04-26,RS,Osório,2,0,45994.0,4.34839
938,2020-04-26,RS,Paraí,2,0,7657.0,26.119889999999998
939,2020-04-26,RS,Pareci Novo,1,0,3837.0,26.06203
940,2020-04-26,RS,Passo Fundo,102,7,203275.0,50.178329999999995
941,2020-04-26,RS,Pelotas,13,0,342405.0,3.7966699999999998
942,2020-04-26,RS,Piratini,1,0,20663.0,4.83957
943,2020-04-26,RS,Pontão,1,0,3904.0,25.61475
944,2020-04-26,RS,Porto Alegre,427,12,1483771.0,28.778029999999998
945,2020-04-26,RS,Quaraí,2,0,22687.0,8.81562
946,2020-04-26,RS,Rio Grande,4,0,211005.0,1.89569
947,2020-04-26,RS,Rio Pardo,1,0,38275.0,2.61267
948,2020-04-26,RS,Rolante,1,0,21349.0,4.68406
949,2020-04-26,RS,Rosário do Sul,1,0,39422.0,2.53665
950,2020-04-26,RS,Salvador do Sul,1,0,7799.0,12.82216
951,2020-04-26,RS,Sananduva,4,0,16270.0,24.58513
952,2020-04-26,RS,Santa Bárbara do Sul,1,0,7994.0,12.50938
953,2020-04-26,RS,Santa Clara do Sul,3,0,6603.0,45.433890000000005
954,2020-04-26,RS,Santa Cruz do Sul,1,0,130416.0,0.76678
955,2020-04-26,RS,Santa Maria,22,0,282123.0,7.798019999999999
956,2020-04-26,RS,Sant'Ana do Livramento,9,0,77027.0,11.68421
957,2020-04-26,RS,Santa Rosa,4,0,73254.0,5.46045
958,2020-04-26,RS,Santiago,1,0,49425.0,2.02327
959,2020-04-26,RS,Santo Antônio da Patrulha,2,0,42894.0,4.66266
960,2020-04-26,RS,Santo Cristo,1,0,14257.0,7.0141
961,2020-04-26,RS,São Domingos do Sul,3,0,3074.0,97.59271
962,2020-04-26,RS,São Gabriel,1,0,62105.0,1.61018
963,2020-04-26,RS,São Jorge,2,0,2824.0,70.82153000000001
964,2020-04-26,RS,São Leopoldo,27,1,236835.0,11.40034
965,2020-04-26,RS,São Lourenço do Sul,2,0,43582.0,4.58905
966,2020-04-26,RS,São Sebastião do Caí,2,0,25685.0,7.78665
967,2020-04-26,RS,Sapiranga,7,0,81734.0,8.56437
968,2020-04-26,RS,Sapucaia do Sul,8,0,141075.0,5.67074
969,2020-04-26,RS,Sarandi,1,0,24489.0,4.083469999999999
970,2020-04-26,RS,Serafina Corrêa,8,1,17502.0,45.70906
971,2020-04-26,RS,Soledade,2,0,31002.0,6.4512
972,2020-04-26,RS,Tabaí,4,0,4719.0,84.76371999999999
973,2020-04-26,RS,Tapejara,2,0,24111.0,8.29497
974,2020-04-26,RS,Taquara,1,0,57466.0,1.74016
975,2020-04-26,RS,Taquari,12,0,26862.0,44.67277
976,2020-04-26,RS,Teutônia,1,0,33232.0,3.00915
977,2020-04-26,RS,Tio Hugo,2,1,3030.0,66.0066
978,2020-04-26,RS,Torres,10,0,38732.0,25.81844
979,2020-04-26,RS,Tramandaí,2,0,51715.0,3.86735
980,2020-04-26,RS,Três Cachoeiras,1,0,11053.0,9.04732
981,2020-04-26,RS,Três Palmeiras,1,0,4271.0,23.41372
982,2020-04-26,RS,Trindade do Sul,1,0,5802.0,17.23544
983,2020-04-26,RS,Triunfo,5,0,29538.0,16.92735
984,2020-04-26,RS,Tucunduva,1,0,5678.0,17.61184
985,2020-04-26,RS,Tupandi,1,0,4855.0,20.59732
986,2020-04-26,RS,Uruguaiana,3,0,126970.0,2.3627599999999997
987,2020-04-26,RS,Vacaria,4,1,66218.0,6.04065
988,2020-04-26,RS,Venâncio Aires,6,2,71554.0,8.38528
989,2020-04-26,RS,Veranópolis,1,0,26241.0,3.81083
990,2020-04-26,RS,Viamão,20,0,255224.0,7.83625
991,2020-04-26,RS,Victor Graeff,2,0,2882.0,69.39625
992,2020-04-26,RS,Vila Maria,1,0,4358.0,22.94631
994,2020-04-26,SC,Águas Mornas,1,0,6469.0,15.45834
995,2020-04-26,SC,Anita Garibaldi,1,0,7133.0,14.01935
996,2020-04-26,SC,Antônio Carlos,11,3,8513.0,129.21414
997,2020-04-26,SC,Arabutã,7,0,4267.0,164.04968
998,2020-04-26,SC,Araranguá,4,0,68228.0,5.8627
999,2020-04-26,SC,Armazém,2,0,8674.0,23.05741
1000,2020-04-26,SC,Aurora,1,0,5679.0,17.608729999999998
1001,2020-04-26,SC,Balneário Arroio do Silva,4,1,13071.0,30.6021
1002,2020-04-26,SC,Balneário Barra do Sul,2,0,10795.0,18.5271
1003,2020-04-26,SC,Balneário Camboriú,68,2,142295.0,47.78805
1004,2020-04-26,SC,Balneário Gaivota,2,1,10979.0,18.2166
1005,2020-04-26,SC,Balneário Piçarras,3,0,23147.0,12.96064
1006,2020-04-26,SC,Barra Velha,2,0,29168.0,6.85683
1007,2020-04-26,SC,Biguaçu,4,0,68481.0,5.8410400000000005
1008,2020-04-26,SC,Blumenau,100,0,357199.0,27.9956
1009,2020-04-26,SC,Botuverá,3,0,5246.0,57.18643
1010,2020-04-26,SC,Braço do Norte,28,2,33450.0,83.70703
1011,2020-04-26,SC,Brusque,39,0,134723.0,28.948290000000004
1012,2020-04-26,SC,Caçador,6,0,78595.0,7.6340699999999995
1013,2020-04-26,SC,Camboriú,65,3,82989.0,78.32363000000001
1014,2020-04-26,SC,Canelinha,1,0,12240.0,8.16993
1015,2020-04-26,SC,Capivari de Baixo,3,0,24871.0,12.06224
1016,2020-04-26,SC,Catanduvas,5,0,10861.0,46.03628
1017,2020-04-26,SC,Chapecó,22,0,220367.0,9.98335
1018,2020-04-26,SC,Cocal do Sul,1,1,16684.0,5.99377
1019,2020-04-26,SC,Concórdia,23,0,74641.0,30.814159999999998
1020,2020-04-26,SC,Criciúma,54,4,215186.0,25.09457
1021,2020-04-26,SC,Florianópolis,258,4,500973.0,51.49978
1022,2020-04-26,SC,Forquilhinha,1,0,26793.0,3.7323199999999996
1023,2020-04-26,SC,Garopaba,2,0,23078.0,8.666260000000001
1024,2020-04-26,SC,Gaspar,9,1,69639.0,12.923789999999999
1025,2020-04-26,SC,Governador Celso Ramos,3,0,14471.0,20.73112
1026,2020-04-26,SC,Gravatal,11,0,11501.0,95.64386
1027,2020-04-26,SC,Guabiruba,2,0,23832.0,8.39208
1028,2020-04-26,SC,Guaramirim,1,0,44819.0,2.2312
1029,2020-04-26,SC,Herval d'Oeste,2,0,22606.0,8.84721
1030,2020-04-26,SC,Içara,8,0,56421.0,14.179120000000001
1031,2020-04-26,SC,Ilhota,1,0,14184.0,7.0502
1032,2020-04-26,SC,Imbituba,17,0,44853.0,37.90159
1033,2020-04-26,SC,Importados/Indefinidos,20,0,,
1034,2020-04-26,SC,Indaial,6,1,69425.0,8.64242
1035,2020-04-26,SC,Ipumirim,12,0,7593.0,158.0403
1036,2020-04-26,SC,Irani,14,0,10419.0,134.3699
1037,2020-04-26,SC,Irati,1,0,1930.0,51.81347
1038,2020-04-26,SC,Itá,1,0,6169.0,16.210079999999998
1039,2020-04-26,SC,Itaiópolis,1,0,21669.0,4.61489
1040,2020-04-26,SC,Itajaí,50,3,219536.0,22.77531
1041,2020-04-26,SC,Itapema,12,1,65312.0,18.37335
1042,2020-04-26,SC,Itapiranga,1,0,16872.0,5.92698
1043,2020-04-26,SC,Ituporanga,2,0,25086.0,7.972569999999999
1044,2020-04-26,SC,Jaborá,3,0,3936.0,76.21951
1045,2020-04-26,SC,Jaguaruna,4,0,20024.0,19.976029999999998
1046,2020-04-26,SC,Jaraguá do Sul,13,0,177697.0,7.3158199999999995
1047,2020-04-26,SC,Joaçaba,8,0,30118.0,26.56219
1048,2020-04-26,SC,Joinville,132,3,590466.0,22.355220000000003
1049,2020-04-26,SC,Lages,13,0,157544.0,8.251660000000001
1050,2020-04-26,SC,Laguna,7,0,45814.0,15.27917
1051,2020-04-26,SC,Lindóia do Sul,9,0,4563.0,197.23866
1052,2020-04-26,SC,Mafra,2,0,56292.0,3.5529
1053,2020-04-26,SC,Massaranduba,1,1,16916.0,5.91156
1054,2020-04-26,SC,Meleiro,1,0,7015.0,14.255170000000001
1055,2020-04-26,SC,Morro da Fumaça,2,0,17796.0,11.238480000000001
1056,2020-04-26,SC,Navegantes,20,0,81475.0,24.54741
1057,2020-04-26,SC,Nova Trento,1,0,14549.0,6.87332
1058,2020-04-26,SC,Nova Veneza,2,0,15166.0,13.187389999999999
1059,2020-04-26,SC,Orleans,6,0,22912.0,26.18715
1060,2020-04-26,SC,Palhoça,24,1,171797.0,13.96998
1061,2020-04-26,SC,Palma Sola,1,0,7423.0,13.471639999999999
1062,2020-04-26,SC,Papanduva,2,0,19320.0,10.35197
1063,2020-04-26,SC,Paulo Lopes,2,0,7494.0,26.68802
1064,2020-04-26,SC,Pedras Grandes,2,1,3976.0,50.301809999999996
1065,2020-04-26,SC,Penha,4,1,32531.0,12.295960000000001
1066,2020-04-26,SC,Peritiba,1,0,2787.0,35.88088
1067,2020-04-26,SC,Pescaria Brava,1,0,10091.0,9.90982
1068,2020-04-26,SC,Pomerode,3,0,33447.0,8.96941
1069,2020-04-26,SC,Ponte Serrada,1,0,11593.0,8.62589
1070,2020-04-26,SC,Porto Belo,6,1,21388.0,28.053109999999997
1071,2020-04-26,SC,Pouso Redondo,1,1,17453.0,5.72967
1072,2020-04-26,SC,Presidente Castello Branco,2,0,1568.0,127.55102
1073,2020-04-26,SC,Rancho Queimado,2,0,2878.0,69.4927
1074,2020-04-26,SC,Rio do Sul,2,0,71061.0,2.81448
1075,2020-04-26,SC,Rio Negrinho,1,0,42302.0,2.36395
1076,2020-04-26,SC,Rio Rufino,1,0,2483.0,40.27386
1077,2020-04-26,SC,Salete,2,0,7642.0,26.17116
1078,2020-04-26,SC,Sangão,2,0,12678.0,15.775360000000001
1079,2020-04-26,SC,Santa Cecília,1,0,16830.0,5.94177
1080,2020-04-26,SC,Santa Rosa de Lima,0,0,2142.0,
1081,2020-04-26,SC,Santa Rosa do Sul,1,0,8358.0,11.96458
1082,2020-04-26,SC,Santo Amaro da Imperatriz,3,0,23245.0,12.905999999999999
1083,2020-04-26,SC,São Bento do Sul,2,0,84507.0,2.36667
1084,2020-04-26,SC,São Domingos,5,0,9445.0,52.93806
1085,2020-04-26,SC,São Francisco do Sul,2,0,52721.0,3.79355
1086,2020-04-26,SC,São José,49,1,246586.0,19.87136
1087,2020-04-26,SC,São Lourenço do Oeste,2,0,24076.0,8.307030000000001
1088,2020-04-26,SC,São Ludgero,6,1,13410.0,44.74273
1089,2020-04-26,SC,São Pedro de Alcântara,1,0,5823.0,17.17328
1090,2020-04-26,SC,Schroeder,1,0,21365.0,4.68055
1091,2020-04-26,SC,Seara,2,0,17541.0,11.401860000000001
1092,2020-04-26,SC,Siderópolis,9,0,14007.0,64.25359
1093,2020-04-26,SC,Sombrio,11,1,30374.0,36.21518
1094,2020-04-26,SC,Tangará,2,1,8676.0,23.0521
1095,2020-04-26,SC,Tijucas,4,0,38407.0,10.414769999999999
1096,2020-04-26,SC,Timbé do Sul,1,0,5348.0,18.69858
1097,2020-04-26,SC,Timbó,4,0,44238.0,9.042
1098,2020-04-26,SC,Treze de Maio,3,0,7081.0,42.3669
1099,2020-04-26,SC,Tubarão,34,2,105686.0,32.170770000000005
1100,2020-04-26,SC,Tunápolis,1,0,4543.0,22.01189
1101,2020-04-26,SC,Turvo,1,0,12899.0,7.75254
1102,2020-04-26,SC,Urussanga,3,1,21268.0,14.1057
1103,2020-04-26,SC,Vargem Bonita,3,0,4492.0,66.7854
1104,2020-04-26,SC,Vidal Ramos,1,0,6338.0,15.77785
1105,2020-04-26,SC,Videira,2,0,53065.0,3.76896
1106,2020-04-26,SC,Xavantina,1,0,3933.0,25.42588
1107,2020-04-26,SC,Xaxim,1,0,28706.0,3.48359
1109,2020-04-26,SE,Aracaju,115,6,657013.0,17.50346
1110,2020-04-26,SE,Barra dos Coqueiros,1,0,30407.0,3.2887199999999996
1111,2020-04-26,SE,Capela,1,0,34213.0,2.92287
1112,2020-04-26,SE,Cristinápolis,1,0,17874.0,5.59472
1113,2020-04-26,SE,Estância,14,0,69184.0,20.235889999999998
1114,2020-04-26,SE,Indiaroba,1,0,17957.0,5.56886
1115,2020-04-26,SE,Itabaiana,6,0,95427.0,6.28753
1116,2020-04-26,SE,Itabaianinha,7,1,41928.0,16.69529
1117,2020-04-26,SE,Itaporanga d'Ajuda,2,1,34356.0,5.8214
1118,2020-04-26,SE,Lagarto,2,0,104408.0,1.91556
1119,2020-04-26,SE,Maruim,1,0,17213.0,5.80956
1120,2020-04-26,SE,Nossa Senhora da Glória,3,0,36924.0,8.1248
1121,2020-04-26,SE,Nossa Senhora do Socorro,6,0,183628.0,3.26748
1122,2020-04-26,SE,Pacatuba,2,0,14428.0,13.861939999999999
1123,2020-04-26,SE,Porto da Folha,2,0,28596.0,6.993989999999999
1124,2020-04-26,SE,Propriá,2,0,29626.0,6.7508300000000006
1125,2020-04-26,SE,São Cristóvão,4,0,90072.0,4.4408900000000004
1126,2020-04-26,SE,Simão Dias,4,1,40484.0,9.88045
1127,2020-04-26,SE,Tomar do Geru,1,0,13536.0,7.38771
1129,2020-04-26,SP,Adamantina,2,0,35068.0,5.7032099999999994
1130,2020-04-26,SP,Aguaí,1,0,36305.0,2.75444
1131,2020-04-26,SP,Águas de Lindóia,2,1,18705.0,10.69233
1132,2020-04-26,SP,Águas de São Pedro,1,0,3451.0,28.977109999999996
1133,2020-04-26,SP,Agudos,11,1,37214.0,29.558770000000003
1134,2020-04-26,SP,Alambari,1,0,6025.0,16.59751
1135,2020-04-26,SP,Americana,33,3,239597.0,13.773129999999998
1136,2020-04-26,SP,Américo Brasiliense,5,0,40504.0,12.34446
1137,2020-04-26,SP,Amparo,8,0,72195.0,11.0811
1138,2020-04-26,SP,Andradina,5,0,57157.0,8.74783
1139,2020-04-26,SP,Angatuba,2,1,25228.0,7.9277
1140,2020-04-26,SP,Aparecida,1,0,36157.0,2.76572
1141,2020-04-26,SP,Apiaí,1,0,24374.0,4.10273
1142,2020-04-26,SP,Araçariguama,2,1,22364.0,8.94294
1143,2020-04-26,SP,Araçatuba,54,2,197016.0,27.40894
1144,2020-04-26,SP,Araçoiaba da Serra,2,0,34146.0,5.8572
1145,2020-04-26,SP,Arandu,9,2,6357.0,141.57622
1146,2020-04-26,SP,Araraquara,49,3,236072.0,20.75638
1147,2020-04-26,SP,Araras,10,0,134236.0,7.44957
1148,2020-04-26,SP,Arealva,1,0,8560.0,11.68224
1149,2020-04-26,SP,Areiópolis,3,0,11129.0,26.9566
1150,2020-04-26,SP,Artur Nogueira,1,0,54408.0,1.83797
1151,2020-04-26,SP,Arujá,39,1,89824.0,43.418240000000004
1152,2020-04-26,SP,Assis,7,1,104386.0,6.7058800000000005
1153,2020-04-26,SP,Atibaia,23,1,142761.0,16.11084
1154,2020-04-26,SP,Avaí,1,0,5403.0,18.50824
1155,2020-04-26,SP,Avaré,11,1,90655.0,12.13391
1156,2020-04-26,SP,Bady Bassitt,2,0,17502.0,11.42727
1157,2020-04-26,SP,Bariri,1,0,35264.0,2.83575
1158,2020-04-26,SP,Barra Bonita,3,0,36126.0,8.304269999999999
1159,2020-04-26,SP,Barra do Turvo,1,0,7659.0,13.05653
1160,2020-04-26,SP,Barretos,19,2,122098.0,15.56127
1161,2020-04-26,SP,Barrinha,1,0,32812.0,3.04767
1162,2020-04-26,SP,Barueri,223,13,274182.0,81.33284
1163,2020-04-26,SP,Batatais,1,0,62508.0,1.5998
1164,2020-04-26,SP,Bauru,78,6,376818.0,20.69965
1165,2020-04-26,SP,Bebedouro,3,0,77496.0,3.8711699999999998
1166,2020-04-26,SP,Bilac,1,0,8034.0,12.4471
1167,2020-04-26,SP,Birigui,11,0,123638.0,8.896939999999999
1168,2020-04-26,SP,Biritiba-Mirim,2,0,32598.0,6.13535
1169,2020-04-26,SP,Boituva,7,0,60997.0,11.47597
1170,2020-04-26,SP,Bom Jesus dos Perdões,1,0,25448.0,3.92958
1171,2020-04-26,SP,Borborema,1,0,16046.0,6.232080000000001
1172,2020-04-26,SP,Borebi,2,0,2653.0,75.38636
1173,2020-04-26,SP,Botucatu,38,2,146497.0,25.9391
1174,2020-04-26,SP,Bragança Paulista,39,9,168668.0,23.12235
1175,2020-04-26,SP,Brodowski,4,0,24939.0,16.03914
1176,2020-04-26,SP,Buritama,4,0,17144.0,23.33178
1177,2020-04-26,SP,Cabreúva,1,0,49707.0,2.01179
1178,2020-04-26,SP,Caçapava,9,0,94263.0,9.54775
1179,2020-04-26,SP,Cachoeira Paulista,3,0,33327.0,9.001710000000001
1180,2020-04-26,SP,Caiabu,1,1,4191.0,23.86065
1181,2020-04-26,SP,Caieiras,63,10,101470.0,62.08732
1182,2020-04-26,SP,Cajamar,20,3,76801.0,26.04133
1183,2020-04-26,SP,Cajati,4,0,28549.0,14.011
1184,2020-04-26,SP,Cajuru,2,0,26167.0,7.643210000000001
1185,2020-04-26,SP,Campinas,262,12,1204073.0,21.75948
1186,2020-04-26,SP,Campo Limpo Paulista,12,2,84650.0,14.176020000000001
1187,2020-04-26,SP,Campos do Jordão,3,0,52088.0,5.75948
1188,2020-04-26,SP,Cananéia,4,0,12540.0,31.89793
1189,2020-04-26,SP,Capão Bonito,1,0,47138.0,2.12143
1190,2020-04-26,SP,Capela do Alto,1,0,20706.0,4.82952
1191,2020-04-26,SP,Caraguatatuba,18,2,121532.0,14.81091
1192,2020-04-26,SP,Carapicuíba,154,8,400927.0,38.41098
1193,2020-04-26,SP,Castilho,2,0,21006.0,9.52109
1194,2020-04-26,SP,Catanduva,10,3,121862.0,8.206
1195,2020-04-26,SP,Cedral,1,0,9237.0,10.826030000000001
1196,2020-04-26,SP,Chavantes,1,0,12418.0,8.05283
1197,2020-04-26,SP,Conchas,1,1,17896.0,5.58784
1198,2020-04-26,SP,Cordeirópolis,1,0,24528.0,4.076969999999999
1199,2020-04-26,SP,Cotia,127,10,249210.0,50.961040000000004
1200,2020-04-26,SP,Cravinhos,8,1,35292.0,22.668029999999998
1201,2020-04-26,SP,Cruzeiro,3,1,82238.0,3.64795
1202,2020-04-26,SP,Cubatão,30,0,130705.0,22.95245
1203,2020-04-26,SP,Diadema,178,11,423884.0,41.99262
1204,2020-04-26,SP,Dobrada,1,0,8929.0,11.19946
1205,2020-04-26,SP,Dracena,4,2,46793.0,8.54829
1206,2020-04-26,SP,Duartina,1,0,12445.0,8.03536
1207,2020-04-26,SP,Eldorado,1,1,15494.0,6.45411
1208,2020-04-26,SP,Elias Fausto,1,0,17772.0,5.62683
1209,2020-04-26,SP,Embu das Artes,81,7,273726.0,29.59164
1210,2020-04-26,SP,Embu-Guaçu,15,3,69385.0,21.61851
1211,2020-04-26,SP,Engenheiro Coelho,1,0,20773.0,4.8139400000000006
1212,2020-04-26,SP,Espírito Santo do Pinhal,1,0,44330.0,2.25581
1213,2020-04-26,SP,Estiva Gerbi,1,0,11304.0,8.84643
1214,2020-04-26,SP,Estrela d'Oeste,1,0,8419.0,11.8779
1215,2020-04-26,SP,Fartura,1,0,16036.0,6.23597
1216,2020-04-26,SP,Fernandópolis,8,0,69116.0,11.57474
1217,2020-04-26,SP,Ferraz de Vasconcelos,74,3,194276.0,38.090140000000005
1218,2020-04-26,SP,Franca,6,0,353187.0,1.69882
1219,2020-04-26,SP,Francisco Morato,50,2,175844.0,28.43429
1220,2020-04-26,SP,Franco da Rocha,99,9,154489.0,64.08223000000001
1221,2020-04-26,SP,Garça,1,0,44390.0,2.25276
1222,2020-04-26,SP,Guaíra,1,0,40790.0,2.45158
1223,2020-04-26,SP,Guararapes,5,0,32939.0,15.179570000000002
1224,2020-04-26,SP,Guararema,3,0,29798.0,10.067789999999999
1225,2020-04-26,SP,Guaratinguetá,1,0,121798.0,0.8210299999999999
1226,2020-04-26,SP,Guarujá,114,3,320459.0,35.57397
1227,2020-04-26,SP,Guarulhos,495,51,1379182.0,35.890840000000004
1228,2020-04-26,SP,Guzolândia,1,0,5267.0,18.98614
1229,2020-04-26,SP,Holambra,1,0,14930.0,6.69792
1230,2020-04-26,SP,Hortolândia,14,0,230851.0,6.06452
1231,2020-04-26,SP,Ibirá,1,0,12393.0,8.06907
1232,2020-04-26,SP,Ibiúna,6,0,78878.0,7.60668
1233,2020-04-26,SP,Iepê,1,1,8159.0,12.2564
1234,2020-04-26,SP,Igarapava,2,0,30432.0,6.572030000000001
1235,2020-04-26,SP,Igaratá,2,0,9534.0,20.97755
1236,2020-04-26,SP,Iguape,4,0,30857.0,12.96302
1237,2020-04-26,SP,Ilhabela,4,0,34970.0,11.43838
1238,2020-04-26,SP,Ilha Comprida,13,1,11166.0,116.42486000000001
1239,2020-04-26,SP,Ilha Solteira,1,0,26686.0,3.7472800000000004
1240,2020-04-26,SP,Importados/Indefinidos,63,0,,
1241,2020-04-26,SP,Indaiatuba,14,3,251627.0,5.56379
1242,2020-04-26,SP,Iracemápolis,1,0,24235.0,4.12626
1243,2020-04-26,SP,Itajobi,1,0,15262.0,6.552219999999999
1244,2020-04-26,SP,Itanhaém,9,2,101816.0,8.83948
1245,2020-04-26,SP,Itapecerica da Serra,75,6,175693.0,42.6881
1246,2020-04-26,SP,Itapetininga,9,1,163901.0,5.49112
1247,2020-04-26,SP,Itapeva,4,0,94354.0,4.23935
1248,2020-04-26,SP,Itapevi,82,11,237700.0,34.49727
1249,2020-04-26,SP,Itapira,15,3,74773.0,20.06072
1250,2020-04-26,SP,Itaquaquecetuba,82,11,370821.0,22.11309
1251,2020-04-26,SP,Itararé,1,0,50503.0,1.9800799999999998
1252,2020-04-26,SP,Itariri,1,0,17436.0,5.73526
1253,2020-04-26,SP,Itatiba,5,1,120858.0,4.13709
1254,2020-04-26,SP,Itatinga,1,0,20697.0,4.83162
1255,2020-04-26,SP,Itirapina,1,0,18157.0,5.5075199999999995
1256,2020-04-26,SP,Itu,9,1,173939.0,5.1742300000000006
1257,2020-04-26,SP,Itupeva,4,1,61252.0,6.5304
1258,2020-04-26,SP,Jaborandi,1,0,6929.0,14.4321
1259,2020-04-26,SP,Jaboticabal,15,4,77263.0,19.41421
1260,2020-04-26,SP,Jacareí,29,1,233662.0,12.41109
1261,2020-04-26,SP,Jaci,8,0,7067.0,113.20221000000001
1262,2020-04-26,SP,Jaguariúna,5,0,57488.0,8.69747
1263,2020-04-26,SP,Jales,4,0,49107.0,8.145480000000001
1264,2020-04-26,SP,Jandira,33,3,124937.0,26.41331
1265,2020-04-26,SP,Jardinópolis,5,0,44380.0,11.26634
1266,2020-04-26,SP,Jarinu,1,1,30044.0,3.32845
1267,2020-04-26,SP,Jaú,10,0,150252.0,6.6554899999999995
1268,2020-04-26,SP,Joanópolis,1,0,13220.0,7.5643
1269,2020-04-26,SP,José Bonifácio,2,0,37015.0,5.40321
1270,2020-04-26,SP,Jundiaí,82,13,418962.0,19.57218
1271,2020-04-26,SP,Junqueirópolis,1,0,20679.0,4.83582
1272,2020-04-26,SP,Juquiá,1,0,18812.0,5.31576
1273,2020-04-26,SP,Juquitiba,1,1,31444.0,3.1802599999999996
1274,2020-04-26,SP,Laranjal Paulista,5,2,28516.0,17.53402
1275,2020-04-26,SP,Lavrinhas,1,1,7260.0,13.7741
1276,2020-04-26,SP,Leme,6,3,103391.0,5.80321
1277,2020-04-26,SP,Lençóis Paulista,5,1,68432.0,7.30652
1278,2020-04-26,SP,Limeira,18,1,306114.0,5.88016
1279,2020-04-26,SP,Lins,12,3,78013.0,15.38205
1280,2020-04-26,SP,Lorena,1,0,88706.0,1.12732
1281,2020-04-26,SP,Louveira,8,0,48885.0,16.36494
1282,2020-04-26,SP,Lucélia,3,2,21747.0,13.795010000000001
1283,2020-04-26,SP,Macatuba,1,0,17163.0,5.82649
1284,2020-04-26,SP,Macedônia,0,0,3698.0,
1285,2020-04-26,SP,Mairinque,1,0,47150.0,2.12089
1286,2020-04-26,SP,Mairiporã,19,4,100179.0,18.96605
1287,2020-04-26,SP,Marília,9,1,238882.0,3.76755
1288,2020-04-26,SP,Martinópolis,1,0,26461.0,3.77915
1289,2020-04-26,SP,Matão,3,0,83170.0,3.6070699999999998
1290,2020-04-26,SP,Mauá,141,8,472912.0,29.81527
1291,2020-04-26,SP,Miguelópolis,1,0,22226.0,4.49924
1292,2020-04-26,SP,Mineiros do Tietê,4,1,12908.0,30.988529999999997
1293,2020-04-26,SP,Miracatu,3,2,19779.0,15.1676
1294,2020-04-26,SP,Mirandópolis,5,2,29564.0,16.91246
1295,2020-04-26,SP,Mirassol,6,0,59824.0,10.02942
1296,2020-04-26,SP,Mococa,2,1,68885.0,2.9033900000000004
1297,2020-04-26,SP,Mogi das Cruzes,151,10,445842.0,33.8685
1298,2020-04-26,SP,Mogi Guaçu,14,1,151888.0,9.217319999999999
1299,2020-04-26,SP,Mogi Mirim,4,0,93189.0,4.29235
1300,2020-04-26,SP,Mongaguá,8,1,56702.0,14.10885
1301,2020-04-26,SP,Monte Alto,12,1,50498.0,23.76332
1302,2020-04-26,SP,Monte Azul Paulista,1,0,19008.0,5.26094
1303,2020-04-26,SP,Monte Mor,2,0,59772.0,3.34605
1304,2020-04-26,SP,Morro Agudo,1,0,32968.0,3.03324
1305,2020-04-26,SP,Morungaba,5,0,13622.0,36.70533
1306,2020-04-26,SP,Nazaré Paulista,3,1,18524.0,16.19521
1307,2020-04-26,SP,Nhandeara,1,0,11478.0,8.71232
1308,2020-04-26,SP,Nova Odessa,3,1,60174.0,4.98554
1309,2020-04-26,SP,Olímpia,4,0,54772.0,7.303
1310,2020-04-26,SP,Orlândia,4,0,44028.0,9.08513
1311,2020-04-26,SP,Osasco,541,55,698418.0,77.46078
1312,2020-04-26,SP,Ourinhos,15,1,113542.0,13.210970000000001
1313,2020-04-26,SP,Palmital,1,0,22221.0,4.50025
1314,2020-04-26,SP,Pariquera-Açu,12,1,19648.0,61.07492
1315,2020-04-26,SP,Paulínia,11,1,109424.0,10.05264
1316,2020-04-26,SP,Paulistânia,1,0,1833.0,54.555369999999996
1317,2020-04-26,SP,Pederneiras,2,1,46687.0,4.28385
1318,2020-04-26,SP,Pedra Bela,1,0,6093.0,16.41228
1319,2020-04-26,SP,Pedro de Toledo,2,0,11331.0,17.65069
1320,2020-04-26,SP,Penápolis,1,1,63407.0,1.57711
1321,2020-04-26,SP,Peruíbe,13,0,68284.0,19.03813
1322,2020-04-26,SP,Piedade,6,0,55348.0,10.8405
1323,2020-04-26,SP,Pilar do Sul,3,0,29185.0,10.27925
1324,2020-04-26,SP,Pindamonhangaba,7,1,168328.0,4.15855
1325,2020-04-26,SP,Pindorama,4,0,17049.0,23.46179
1326,2020-04-26,SP,Pinhalzinho,1,0,15207.0,6.57592
1327,2020-04-26,SP,Piracaia,2,1,27303.0,7.3252
1328,2020-04-26,SP,Piracicaba,43,5,404142.0,10.63982
1329,2020-04-26,SP,Piraju,6,0,29806.0,20.13018
1330,2020-04-26,SP,Pirajuí,1,0,25492.0,3.9228
1331,2020-04-26,SP,Pirapora do Bom Jesus,2,0,18895.0,10.584810000000001
1332,2020-04-26,SP,Pirassununga,5,0,76409.0,6.54373
1333,2020-04-26,SP,Piratininga,4,0,13636.0,29.334120000000002
1334,2020-04-26,SP,Pitangueiras,1,1,39719.0,2.51769
1335,2020-04-26,SP,Poá,36,3,117452.0,30.65082
1336,2020-04-26,SP,Pontal,4,1,49961.0,8.00624
1337,2020-04-26,SP,Populina,1,0,4169.0,23.98657
1338,2020-04-26,SP,Porto Feliz,7,0,53098.0,13.18317
1339,2020-04-26,SP,Porto Ferreira,2,1,56150.0,3.56189
1340,2020-04-26,SP,Praia Grande,92,13,325073.0,28.301340000000003
1341,2020-04-26,SP,Pratânia,2,0,5261.0,38.01559
1342,2020-04-26,SP,Presidente Alves,1,0,4094.0,24.42599
1343,2020-04-26,SP,Presidente Prudente,13,2,228743.0,5.68323
1344,2020-04-26,SP,Presidente Venceslau,11,6,39516.0,27.83683
1345,2020-04-26,SP,Promissão,3,0,40432.0,7.4198699999999995
1346,2020-04-26,SP,Quatá,2,0,14109.0,14.17535
1347,2020-04-26,SP,Quintana,1,0,6638.0,15.064779999999999
1348,2020-04-26,SP,Rancharia,3,0,29707.0,10.09863
1349,2020-04-26,SP,Registro,7,2,56322.0,12.42854
1350,2020-04-26,SP,Ribeirão Pires,46,2,123393.0,37.27926
1351,2020-04-26,SP,Ribeirão Preto,95,5,703293.0,13.507879999999998
1352,2020-04-26,SP,Rincão,1,1,10799.0,9.26012
1353,2020-04-26,SP,Rinópolis,1,0,9981.0,10.019039999999999
1354,2020-04-26,SP,Rio Claro,16,7,206424.0,7.75104
1355,2020-04-26,SP,Rio Grande da Serra,13,0,50846.0,25.5674
1356,2020-04-26,SP,Salesópolis,1,1,17139.0,5.83465
1357,2020-04-26,SP,Salto,7,0,118663.0,5.8990599999999995
1358,2020-04-26,SP,Salto de Pirapora,8,0,45422.0,17.61261
1359,2020-04-26,SP,Santa Bárbara d'Oeste,2,1,193475.0,1.03373
1360,2020-04-26,SP,Santa Branca,2,1,14788.0,13.524479999999999
1361,2020-04-26,SP,Santa Cruz da Conceição,1,0,4503.0,22.207420000000003
1362,2020-04-26,SP,Santa Cruz do Rio Pardo,7,0,47673.0,14.68336
1363,2020-04-26,SP,Santa Gertrudes,1,0,26898.0,3.71775
1364,2020-04-26,SP,Santa Isabel,9,3,57386.0,15.683270000000002
1365,2020-04-26,SP,Santa Lúcia,3,0,8817.0,34.02518
1366,2020-04-26,SP,Santana de Parnaíba,83,2,139447.0,59.52081999999999
1367,2020-04-26,SP,Santa Rita do Passa Quatro,1,1,27557.0,3.6288400000000003
1368,2020-04-26,SP,Santo André,344,18,718773.0,47.85934
1369,2020-04-26,SP,Santo Antônio da Alegria,1,1,6929.0,14.4321
1370,2020-04-26,SP,Santo Antônio do Aracanguá,1,0,8420.0,11.87648
1371,2020-04-26,SP,Santo Antônio do Pinhal,1,0,6811.0,14.682129999999999
1372,2020-04-26,SP,Santos,426,25,433311.0,98.31276
1373,2020-04-26,SP,São Bernardo do Campo,475,31,838936.0,56.61934
1374,2020-04-26,SP,São Caetano do Sul,136,9,161127.0,84.40547
1375,2020-04-26,SP,São Carlos,12,2,251983.0,4.762230000000001
1376,2020-04-26,SP,São João da Boa Vista,15,0,91211.0,16.44538
1377,2020-04-26,SP,São Joaquim da Barra,2,0,51888.0,3.85446
1378,2020-04-26,SP,São José do Rio Pardo,3,0,54946.0,5.45991
1379,2020-04-26,SP,São José do Rio Preto,77,8,460671.0,16.71475
1380,2020-04-26,SP,São José dos Campos,174,5,721944.0,24.101589999999998
1381,2020-04-26,SP,São Lourenço da Serra,4,1,15825.0,25.27646
1382,2020-04-26,SP,São Manuel,6,1,40954.0,14.65058
1383,2020-04-26,SP,São Miguel Arcanjo,4,0,32931.0,12.14661
1384,2020-04-26,SP,São Paulo,13513,1114,12252023.0,110.29198999999998
1385,2020-04-26,SP,São Pedro,1,0,35653.0,2.80481
1386,2020-04-26,SP,São Roque,19,1,91016.0,20.87545
1387,2020-04-26,SP,São Sebastião,26,2,88980.0,29.22005
1388,2020-04-26,SP,São Sebastião da Grama,1,0,12182.0,8.20883
1389,2020-04-26,SP,São Vicente,106,1,365798.0,28.97774
1390,2020-04-26,SP,Serrana,2,2,45107.0,4.4339
1391,2020-04-26,SP,Serra Negra,1,0,29229.0,3.4212599999999997
1392,2020-04-26,SP,Sertãozinho,10,2,125815.0,7.948180000000001
1393,2020-04-26,SP,Socorro,1,0,41005.0,2.43873
1394,2020-04-26,SP,Sorocaba,84,15,679378.0,12.36425
1395,2020-04-26,SP,Sumaré,11,0,282441.0,3.8946199999999997
1396,2020-04-26,SP,Suzano,111,10,297637.0,37.29375
1397,2020-04-26,SP,Taboão da Serra,156,13,289664.0,53.8555
1398,2020-04-26,SP,Taiaçu,2,0,6295.0,31.77125
1399,2020-04-26,SP,Tanabi,1,0,25967.0,3.8510400000000002
1400,2020-04-26,SP,Taquaritinga,0,0,57177.0,
1401,2020-04-26,SP,Taquarituba,1,0,23218.0,4.3069999999999995
1402,2020-04-26,SP,Tarabai,2,0,7468.0,26.780929999999998
1403,2020-04-26,SP,Tatuí,8,0,121766.0,6.56998
1404,2020-04-26,SP,Taubaté,9,0,314924.0,2.85783
1405,2020-04-26,SP,Terra Roxa,1,0,9370.0,10.672360000000001
1406,2020-04-26,SP,Tuiuti,1,0,6894.0,14.505370000000001
1407,2020-04-26,SP,Tupã,2,0,65524.0,3.05232
1408,2020-04-26,SP,Ubatuba,4,0,90799.0,4.40533
1409,2020-04-26,SP,Valinhos,18,3,129193.0,13.93264
1410,2020-04-26,SP,Vargem Grande Paulista,14,3,52597.0,26.617490000000004
1411,2020-04-26,SP,Várzea Paulista,12,2,121838.0,9.84914
1412,2020-04-26,SP,Vinhedo,21,1,78728.0,26.674120000000002
1413,2020-04-26,SP,Vista Alegre do Alto,1,0,8810.0,11.35074
1414,2020-04-26,SP,Votorantim,9,2,122480.0,7.348139999999999
1415,2020-04-26,SP,Votuporanga,12,0,94547.0,12.6921
1417,2020-04-26,TO,Araguaína,24,0,180470.0,13.29861
1418,2020-04-26,TO,Cariri do Tocantins,1,0,4382.0,22.820629999999998
1419,2020-04-26,TO,Couto Magalhães,1,0,5588.0,17.89549
1420,2020-04-26,TO,Dianópolis,1,0,22139.0,4.51692
1421,2020-04-26,TO,Guaraí,3,0,25923.0,11.57273
1422,2020-04-26,TO,Gurupi,1,0,86647.0,1.15411
1423,2020-04-26,TO,Palmas,33,1,299127.0,11.0321
1424,2020-04-26,TO,Paraíso do Tocantins,1,1,51252.0,1.95114
1425,2020-04-26,TO,Sítio Novo do Tocantins,1,0,9029.0,11.07542
1426,2020-04-26,TO,Tocantinópolis,1,0,22870.0,4.37254
